Unnamed: 0,Date,Article_title,Stock_symbol,Url,Publisher,Author,Article,Lsa_summary,Luhn_summary,Textrank_summary,Lexrank_summary,sentiment_label,sentiment_score
76177,2020-06-10 09:18:50+00:00,"How Cannabis Company Cannaphyll Is Marketing On Mass-Consumer Platforms, Google And Amazon",AMZN,https://www.benzinga.com/markets/cannabis/20/06/16224494/how-cannabis-company-cannaphyll-is-marketing-on-mass-consumer-platforms-google-and-amazon,Jaycee Tenn,,,,,,,neutral,0.9449182152748108
76178,2020-06-10 07:33:26+00:00,Tech Stocks And FAANGS Strong Again To Start Day As Market Awaits Fed,AMZN,https://www.benzinga.com/government/20/06/16223418/tech-stocks-and-faangs-strong-again-to-start-day-as-market-awaits-fed,JJ Kinahan,,,,,,,positive,0.8658882975578308
76179,2020-06-10 03:53:47+00:00,"Benzinga Pro's Top 5 Stocks To Watch For Wed., Jun. 10, 2020: AAPL, BAC, NIO, SONO, GLW",AMZN,https://www.benzinga.com/short-sellers/20/06/16220099/benzinga-pros-top-5-stocks-to-watch-for-wed-jun-10-2020-aapl-bac-nio-sono-glw,Benzinga Newsdesk,,,,,,,neutral,0.933909833431244
76180,2020-06-10 03:20:03+00:00,"Hearing Vertical Group Out Positive On Amazon, Saying Co.'s Ad Spend Revenues Are Increasing As Shipping Bottleneck Issues Begin To Abate",AMZN,https://www.benzinga.com/analyst-ratings/analyst-color/20/06/16219876/hearing-vertical-group-out-positive-on-amazon-saying-co-s-ad-spend-revenues-are-inc,Benzinga Newsdesk,,,,,,,positive,0.9539865851402284
76181,2020-06-09 20:52:01+00:00,Big Tech Reaches New Record Heights At The Stock Market,AMZN,https://www.benzinga.com/news/20/06/16218615/big-tech-reaches-new-record-heights-at-the-stock-market,Neer Varshney,,,,,,,positive,0.8393880128860474
76182,2020-06-09 20:28:00+00:00,"Twitter, Square Will Mark Juneteenth As Holiday To Honor African-American Culture",AMZN,https://www.benzinga.com/news/20/06/16218441/twitter-square-will-mark-juneteenth-as-holiday-to-honor-african-american-culture,Shivdeep Dhaliwal,,,,,,,neutral,0.8918521404266357
76183,2020-06-09 10:52:04+00:00,'Inside Amazon's plan to test warehouse workers for Covid-19 every two weeks' -Earlier CNBC Report,AMZN,https://www.benzinga.com/news/20/06/16215412/inside-amazons-plan-to-test-warehouse-workers-for-covid-19-every-two-weeks-earlier-cnbc-report,Benzinga Newsdesk,,,,,,,neutral,0.9121795296669006
76184,2020-06-09 08:35:22+00:00,"BofA Raises Amazon Target On Sales Upside, Accelerating Unit Growth",AMZN,https://www.benzinga.com/analyst-ratings/analyst-color/20/06/16212756/bofa-raises-amazon-target-on-sales-upside-accelerating-unit-growth,Priya Nigam,,,,,,,positive,0.9482896327972412
76185,2020-06-09 08:13:54+00:00,Amazon shares are trading higher despite market weakness. Not currently seeing company-specific news.,AMZN,https://www.benzinga.com/wiim/20/06/16213978/amazon-shares-are-trading-higher-despite-market-weakness-not-currently-seeing-company-specific-news,Benzinga Newsdesk,,,,,,,neutral,0.7694960236549377
76186,2020-06-09 07:36:51+00:00,"IRS Alerts Against Criminals Profiteering From Fake Coronavirus Treatments, Charities, Phishing, Other Financial Fraud",AMZN,https://www.benzinga.com/government/20/06/16209057/irs-alerts-against-criminals-profiteering-from-fake-coronavirus-treatments-charities-phishing-other,Neer Varshney,,,,,,,neutral,0.6772559285163879
76187,2020-06-02 00:00:00+00:00,4 Blue Chips That Lived Up To Their Title During the Pandemic,AMZN,https://www.benzinga.com/markets/20/06/16161759/4-blue-chips-that-lived-up-to-their-title-during-the-pandemic,IAM Newswire,,,,,,,positive,0.5995180010795593
76188,2020-06-02 00:00:00+00:00,"How Cameo, Facebook And Peloton Are Embracing Coronavirus Disruption",AMZN,https://www.benzinga.com/analyst-ratings/analyst-color/20/06/16161097/how-cameo-facebook-and-peloton-are-embracing-coronavirus-disruption,Wayne Duggan,,,,,,,neutral,0.9131044149398804
76189,2020-06-02 00:00:00+00:00,Tesla CEO Musk Says Other Three Officers Should Be Charged In Floyd's Murder Case,AMZN,https://www.benzinga.com/news/20/06/16156648/tesla-ceo-musk-says-other-three-officers-should-be-charged-in-floyds-murder-case,Neer Varshney,,,,,,,negative,0.5189882516860962
76190,2020-06-02 00:00:00+00:00,"Pepper Spray, Books On Racism, 'I Can't Breathe' Merchandise Are Top Sellers On Amazon As Protests Rage",AMZN,https://www.benzinga.com/news/20/06/16156515/pepper-spray-books-on-racism-i-cant-breathe-merchandise-are-top-sellers-on-amazon-as-protests-rage,Neer Varshney,,,,,,,neutral,0.8817574977874756
76191,2020-06-01 00:00:00+00:00,Amazon Looks To Establish Supply Chain Trust With New Blockchain Patent,AMZN,https://www.benzinga.com/news/20/06/16154615/amazon-looks-to-establish-supply-chain-trust-with-new-blockchain-patent,FreightWaves,,,,,,,positive,0.63075852394104
76192,2020-06-01 00:00:00+00:00,Making Sense Of Why Consumers Are Switching Their Grocery Store Habits,AMZN,https://www.benzinga.com/news/20/06/16146064/making-sense-of-why-consumers-are-switching-their-grocery-store-habits,Jayson Derrick,,,,,,,neutral,0.8858935832977295
76193,2020-06-01 00:00:00+00:00,"Amazon Curtails Some Service, Highways Closed, As Protests Impact Freight And Driver Safety",AMZN,https://www.benzinga.com/news/20/06/16150798/amazon-curtails-some-service-highways-closed-as-protests-impact-freight-and-driver-safety,FreightWaves,,,,,,,negative,0.961294651031494
76194,2020-06-01 00:00:00+00:00,How Social Media Stocks Fared During The Pandemic,AMZN,https://www.benzinga.com/opinion/20/06/16150869/how-social-media-stocks-fared-during-the-pandemic,IAM Newswire,,,,,,,neutral,0.5889469981193542
76195,2020-06-01 00:00:00+00:00,"Gun, Security Stocks Trade Higher After Weekend Protests Turn Violent And Destructive",AMZN,https://www.benzinga.com/news/20/06/16150247/gun-security-stocks-trade-higher-after-weekend-protests-turn-violent-and-destructive,Wayne Duggan,,,,,,,negative,0.5437845587730408
76196,2020-06-01 00:00:00+00:00,10 Biggest Price Target Changes For Monday,AMZN,https://www.benzinga.com/analyst-ratings/price-target/20/06/16148982/10-biggest-price-target-changes-for-monday,Lisa Levin,,,,,,,neutral,0.7998325824737549
76197,2020-06-01 00:00:00+00:00,"Amazon Files for Mixed Shelf Offering, Size Not Disclosed",AMZN,https://www.benzinga.com/news/20/06/16148971/amazon-files-for-mixed-shelf-offering-size-not-disclosed,Luke J Jacobi,,,,,,,neutral,0.9171777963638306
76198,2020-06-01 00:00:00+00:00,"Morgan Stanley Maintains Overweight on Amazon.com, Raises Price Target to $2800",AMZN,https://www.benzinga.com/news/20/06/16148792/morgan-stanley-maintains-overweight-on-amazon-com-raises-price-target-to-2800,Rich Worthington,,,,,,,positive,0.8013321161270142
76199,2020-06-01 00:00:00+00:00,The 'Real' S&P 500 And Why The Current Rally Makes Sense,AMZN,https://www.benzinga.com/opinion/20/06/16147738/the-real-s-p-500-why-the-current-rally-makes-sense,Eric Mancini,,,,,,,neutral,0.9074739813804626
76200,2020-06-01 00:00:00+00:00,"UK Supply Chain Startup Beacon Raises $15M From Amazon CEO, Others",AMZN,https://www.benzinga.com/news/20/06/16146470/uk-supply-chain-startup-beacon-raises-15m-from-amazon-ceo-others,Neer Varshney,,,,,,,positive,0.6766189336776733
76201,2020-06-01 00:00:00+00:00,"Apple CEO Writes To Employees About George Floyd Death, Urges For 'Better, More Just World For Everyone'",AMZN,https://www.benzinga.com/news/20/06/16146417/apple-ceo-writes-to-employees-about-george-floyd-death-urges-for-better-more-just-world-for-everyone,Shivdeep Dhaliwal,,,,,,,neutral,0.8509154915809631
76202,2020-05-31 00:00:00+00:00,"Amazon, Apple, Walmart, Other Retailers Shutter Stores, Scale Back Operations In Areas Worst Hit With Protests",AMZN,https://www.benzinga.com/news/20/06/16146370/amazon-apple-walmart-other-retailers-shutter-stores-scale-back-operations-in-areas-worst-hit-with-pr,Neer Varshney,,,,,,,negative,0.951817750930786
76203,2020-05-31 00:00:00+00:00,Amazon Company Spokesperson Says Adjusted Routes or Scaled Back Typical Delivery Operations to Ensure Safety of Its Teams in Handful of U.S. Cities,AMZN,https://www.benzinga.com/news/20/05/16146217/amazon-company-spokesperson-says-adjusted-routes-or-scaled-back-typical-delivery-operations-to-ensur,Charles Gross,,,,,,,negative,0.778593122959137
76204,2020-05-31 00:00:00+00:00,Jeff Bezos Buying Stake in UK Startup Beacon,AMZN,https://www.benzinga.com/news/20/05/16145970/jeff-bezos-buying-stake-in-uk-startup-beacon,Charles Gross,,,,,,,neutral,0.923567235469818
76205,2020-05-30 00:00:00+00:00,"Benzinga's Bulls And Bears Of The Week: Amazon, Disney, Netflix And More",AMZN,https://www.benzinga.com/analyst-ratings/analyst-color/20/05/16145636/benzingas-bulls-and-bears-of-the-week-amazon-disney-netflix-and-more,Nelson Hem,,,,,,,neutral,0.9393619894981384
76206,2020-05-29 00:00:00+00:00,FedEx named as suitor for German parcel company,AMZN,https://www.benzinga.com/news/20/05/16141726/fedex-named-as-suitor-for-german-parcel-company,FreightWaves,,,,,,,neutral,0.8993926048278809
76207,2020-05-29 00:00:00+00:00,"Fandom, America's Navy Partner For Warzone Tournament To Celebrate National Military Appreciation Month",AMZN,https://www.benzinga.com/news/20/05/16133089/fandom-americas-navy-partner-for-warzone-tournament-to-celebrate-national-military-appreciation-mont,Crystal Mills,,,,,,,neutral,0.8023506999015808
76208,2020-05-29 00:00:00+00:00,"Amazon Offers Full-Time Employment To 125,000 Workers Hired To Meet Increased Demand During Pandemic",AMZN,https://www.benzinga.com/news/20/05/16135144/amazon-offers-full-time-employment-to-125-000-workers-hired-to-meet-increased-demand-during-the-pand,Neer Varshney,,,,,,,neutral,0.5174176692962646
76209,2020-05-29 00:00:00+00:00,"UPS Slaps 'Peak' Surcharge On Amazon, Walmart, Others, As Delivery Requests Balloon Post Lockdown Ease",AMZN,https://www.benzinga.com/news/20/05/16134488/ups-slaps-peak-surcharge-on-amazon-walmart-others-as-delivery-requests-balloon-post-lockdown-ease,Neer Varshney,,,,,,,negative,0.9630375504493712
76210,2020-05-28 00:00:00+00:00,"'Amazon's website is down for many users across the US' -Tweet From Business Insider; BZ NOTE: Benzinga Reporters In NYC, Detroit Not Experiencing Issues",AMZN,https://www.benzinga.com/news/20/05/16131561/amazons-website-is-down-for-many-users-across-the-us-tweet-from-business-insider-bz-note-benzinga-re,Benzinga Newsdesk,,,,,,,negative,0.9330793023109436
76211,2020-05-28 00:00:00+00:00,"Here's How Amazon Could Become A Threat To Tesla, Ford And More With Zoox Buy",AMZN,https://www.benzinga.com/analyst-ratings/analyst-color/20/05/16128693/heres-how-amazon-could-become-a-threat-to-tesla-ford-and-more-with-zoox-buy,Elizabeth Balboa,,,,,,,neutral,0.8711290955543518
76212,2020-05-28 00:00:00+00:00,"'Rivian reopens factory, delays electric pickup/SUV, but Amazon delivery van is still on time' -Electrek Report",AMZN,https://www.benzinga.com/news/20/05/16129055/rivian-reopens-factory-delays-electric-pickupsuv-but-amazon-delivery-van-is-still-on-time-electrek-r,Benzinga Newsdesk,,,,,,,neutral,0.788970410823822
76213,2020-05-28 00:00:00+00:00,Hearing Amazon Has Said It Will Keep 125K Of 175K Jobs Added During Pandemic As Permanent Positions,AMZN,https://www.benzinga.com/news/20/05/16125279/hearing-amazon-has-said-it-will-keep-125k-of-175k-jobs-added-during-pandemic-as-permanent-positions,Benzinga Newsdesk,,,,,,,negative,0.5000401139259338
76214,2020-05-27 00:00:00+00:00,E-commerce Drives Multi-Pronged Expansion At UPS Airlines,AMZN,https://www.benzinga.com/news/20/05/16123265/e-commerce-drives-multi-pronged-expansion-at-ups-airlines,FreightWaves,,,,,,,positive,0.8579117655754089
76215,2020-05-27 00:00:00+00:00,"Amazon Is Serious About Self-Driving Technology, Eyeing Multi-Billion Dollar Acquisition",AMZN,https://www.benzinga.com/news/20/05/16118269/amazon-is-serious-about-self-driving-technology-eyeing-multi-billion-dollar-acquisition,FreightWaves,,,,,,,neutral,0.7823665738105774
76216,2020-05-27 00:00:00+00:00,Bezos Says Amazon's Strategy Is To Undercharge For Prime Membership Relative TO ITs value For Customers,AMZN,https://www.benzinga.com/news/20/05/16120408/bezos-says-amazons-strategy-is-to-undercharge-for-prime-membership-relative-to-its-value-for-custome,Benzinga Newsdesk,,,,,,,positive,0.515011727809906
76217,2020-05-27 00:00:00+00:00,Same Old Leadership Song Lifts These Leveraged ETFs,AMZN,https://www.benzinga.com/trading-ideas/long-ideas/20/05/16112730/same-old-leadership-song-lifts-these-leveraged-etfs,ETF Professor,,,,,,,positive,0.7620294690132141
76218,2020-05-27 00:00:00+00:00,These 10 Stocks Have Surged During The Coronavirus Pandemic,AMZN,https://www.benzinga.com/news/20/05/16109182/these-10-stocks-have-surged-during-the-coronavirus-pandemic,Dylan Wittenberg,,,,,,,positive,0.925728976726532
76219,2020-05-27 00:00:00+00:00,"A Peek Into The Markets: US Stock Futures Surge Ahead Of HP Earnings, Beige Book Report",AMZN,https://www.benzinga.com/news/earnings/20/05/16113663/a-peek-into-the-markets-us-stock-futures-surge-ahead-of-hp-earnings-beige-book-report,Lisa Levin,,,,,,,neutral,0.5478320717811584
76220,2020-05-27 00:00:00+00:00,"6 Stocks To Watch For May 27, 2020",AMZN,https://www.benzinga.com/news/earnings/20/05/16113283/6-stocks-to-watch-for-may-27-2020,Lisa Levin,,,,,,,neutral,0.9133684635162354
76221,2020-05-27 00:00:00+00:00,11 Local News Stations Ran Amazon Produced Content Praising Company's Health And Safety Efforts,AMZN,https://www.benzinga.com/news/20/05/16112933/eleven-local-news-stations-ran-amazon-produced-content-praising-companys-health-and-safety-efforts,Shivdeep Dhaliwal,,,,,,,neutral,0.8320037722587585
76222,2020-05-27 00:00:00+00:00,Amazon Looks To Double-Down On Self-Driving Tech With Zoox Acquisition: WSJ,AMZN,https://www.benzinga.com/news/20/05/16112895/amazon-looks-to-double-down-on-self-driving-tech-with-zoox-acquisition-wsj,Neer Varshney,,,,,,,positive,0.5429089665412903
76223,2020-05-27 00:00:00+00:00,"Trump Gets Mad Over Fact Check Warning On Twitter, Claims Election Interference",AMZN,https://www.benzinga.com/news/20/05/16112830/trump-gets-mad-over-fact-check-warning-on-twitter-claims-election-interference,Shivdeep Dhaliwal,,,,,,,negative,0.908684015274048
76224,2020-05-26 00:00:00+00:00,Amazon in Advanced Talks to Buy Self-Driving-Car Tech Company Zoox; Deal Expected to Value Zoox at Less Than Its Private Valuation,AMZN,https://www.benzinga.com/m-a/20/05/16112768/amazon-in-advanced-talks-to-buy-self-driving-car-tech-company-zoox-deal-expected-to-value-zoox-at-le,Charles Gross,,,,,,,neutral,0.8876944780349731
76225,2020-05-26 00:00:00+00:00,Amazon Expects To Invest $4B Apr.-June On Covid Initiatives,AMZN,https://www.benzinga.com/news/20/05/16110246/amazon-expects-to-invest-4b-apr-june-on-covid-initiatives,Benzinga Newsdesk,,,,,,,neutral,0.7901210784912109
76226,2020-05-26 00:00:00+00:00,"Aircraft Prices, E-Commerce Conditions Are Ripe For Amazon Air, Says Bullish BofA",AMZN,https://www.benzinga.com/analyst-ratings/analyst-color/20/05/16105886/aircraft-prices-e-commerce-conditions-are-ripe-for-amazon-air-says-bullish-bofa,Priya Nigam,,,,,,,positive,0.9320638179779052
76227,2020-05-26 00:00:00+00:00,"'Amazon is looking to invest in localized podcast content, like news and sports' -Axios, Citing Sources",AMZN,https://www.benzinga.com/news/20/05/16106302/amazon-is-looking-to-invest-in-localized-podcast-content-like-news-and-sports-axios-citing-sources,Benzinga Newsdesk,,,,,,,positive,0.5128874778747559
76228,2020-05-26 00:00:00+00:00,In Consumers We Trust: 3 Leveraged ETFs That Surged In April,AMZN,https://www.benzinga.com/etfs/sector-etfs/20/05/16105814/in-consumers-we-trust-3-leveraged-etfs-that-surged-in-april,Direxion,,,,,,,positive,0.9231787919998168
76229,2020-05-26 00:00:00+00:00,"'FAANG Stocks Are Strong Once Again,' Facebook, Amazon, Netflix Hit Record Highs Last Week",AMZN,https://www.benzinga.com/news/20/05/16103196/faang-stocks-are-strong-once-again-facebook-amazon-netflix-hit-record-highs-last-week,Neer Varshney,,,,,,,positive,0.9371755719184875
76230,2020-05-26 00:00:00+00:00,Amazon Shareholders Demand Disclosures On COVID-19 Worker Safety,AMZN,https://www.benzinga.com/news/20/05/16102939/amazon-shareholders-demand-disclosures-on-covid-19-worker-safety,Shivdeep Dhaliwal,,,,,,,neutral,0.5332144498825073
76231,2020-05-23 00:00:00+00:00,"Barron's Picks And Pans: Dropbox, Slack, Starbucks And More",AMZN,https://www.benzinga.com/media/20/05/16100392/barrons-picks-and-pans-dropbox-slack-starbucks-and-more,Nelson Hem,,,,,,,neutral,0.92746239900589
76232,2020-05-22 00:00:00+00:00,3 Tips To Make Money In The Stock Market,AMZN,https://www.benzinga.com/markets/options/20/05/16096164/3-tips-to-make-money-in-the-stock-market,Renato Capelj,,,,,,,neutral,0.9006396532058716
76233,2020-05-22 00:00:00+00:00,The Secret to Tech's Resilience to COVID-19- Infrastructure Expansion,AMZN,https://www.benzinga.com/news/earnings/20/05/16093892/the-secret-to-techs-resilience-to-covid-19-infrastructure-expansion,IAM Newswire,,,,,,,neutral,0.7809237837791443
76234,2020-05-22 00:00:00+00:00,A Peek Into The Markets: US Stock Futures Down Ahead Of Three-Day Weekend,AMZN,https://www.benzinga.com/news/earnings/20/05/16092377/a-peek-into-the-markets-us-stock-futures-down-ahead-of-three-day-weekend,Lisa Levin,,,,,,,negative,0.9518505930900574
76235,2020-05-22 00:00:00+00:00,Amazon Reschedules Prime Day to September As It Tries To Restore Pre-Pandemic Operations,AMZN,https://www.benzinga.com/news/20/05/16091350/amazon-reschedules-prime-day-to-september-as-it-tries-to-restore-pre-pandemic-operations,Shivdeep Dhaliwal,,,,,,,neutral,0.481426477432251
76236,2020-05-22 00:00:00+00:00,"KKR To Invest $1.5B In India's Jio Platforms, Joins Facebook, Three Other US Firms As Stakeholders",AMZN,https://www.benzinga.com/news/20/05/16091364/kkr-to-invest-1-5b-in-indias-jio-platforms-joins-facebook-three-other-us-firms-as-stakeholders,Neer Varshney,,,,,,,neutral,0.7819623947143555
76237,2020-05-21 00:00:00+00:00,"Here's How Much Investing $1,000 In The 2015 Shopify IPO Would Be Worth Today",AMZN,https://www.benzinga.com/general/education/20/05/16085330/heres-how-much-investing-1-000-in-the-2015-shopify-ipo-would-be-worth-today,Wayne Duggan,,,,,,,neutral,0.9422719478607178
76238,2020-05-21 00:00:00+00:00,Making Sense Of Walmart's Decision To Close Jet.com: 'Mission Accomplished',AMZN,https://www.benzinga.com/analyst-ratings/analyst-color/20/05/16087942/making-sense-of-walmarts-decision-to-close-jet-com-mission-accomplished,Jayson Derrick,,,,,,,neutral,0.7324758172035217
76239,2020-05-21 00:00:00+00:00,COVID-19 Has Dimmed The Magic Of e-Commerce,AMZN,https://www.benzinga.com/news/20/05/16086797/covid-19-has-dimmed-the-magic-of-e-commerce,IAM Newswire,,,,,,,neutral,0.6273711919784546
76240,2020-05-21 00:00:00+00:00,"New Investors Pile In, Fuel Record Rise In Account Openings, Trading Volumes",AMZN,https://www.benzinga.com/fintech/20/05/16086818/new-investors-pile-in-fuel-record-rise-in-account-openings-trading-volumes,Renato Capelj,,,,,,,neutral,0.4702000617980957
76241,2020-05-21 00:00:00+00:00,3 Ways Small Businesses Can Get Emergency Help Right Now,AMZN,https://www.benzinga.com/government/20/05/16058010/3-ways-small-businesses-can-get-emergency-help-right-now,AARP,,,,,,,neutral,0.8794800043106079
76242,2020-05-21 00:00:00+00:00,Stocks That Hit 52-Week Highs On Thursday,AMZN,https://www.benzinga.com/news/20/05/16085782/stocks-that-hit-52-week-highs-on-thursday,Benzinga Insights,,,,,,,neutral,0.6795796155929565
76243,2020-05-21 00:00:00+00:00,Target And Walmart Prove There's Still Some Life In Retail,AMZN,https://www.benzinga.com/news/earnings/20/05/16084271/target-and-walmart-prove-theres-still-some-life-in-retail,IAM Newswire,,,,,,,neutral,0.566372275352478
76244,2020-05-21 00:00:00+00:00,Climate Change: Up And Down Pattern Continues As Week Advances And Powell Awaited,AMZN,https://www.benzinga.com/news/earnings/20/05/16085182/climate-change-up-and-down-pattern-continues-as-week-advances-and-powell-awaited,JJ Kinahan,,,,,,,negative,0.5564311146736145
76245,2020-05-21 00:00:00+00:00,Amazon Pushes Prime Day To To September,AMZN,https://www.benzinga.com/news/20/05/16084886/amazon-pushes-prime-day-to-to-september,Benzinga Newsdesk,,,,,,,neutral,0.7964985370635986
76246,2020-05-20 00:00:00+00:00,"Amazon Issues Press Release Highlighting 'Crucible,' Its Free-To-Play Shooter Game",AMZN,https://www.benzinga.com/news/20/05/16080412/amazon-issues-press-release-highlighting-crucible-its-free-to-play-shooter-game,Benzinga Newsdesk,,,,,,,neutral,0.8913379907608032
76247,2020-05-20 00:00:00+00:00,"A Challenge To Amazon, As Microsoft And FedEx Enter Multiyear Collaboration",AMZN,https://www.benzinga.com/news/20/05/16071938/a-challenge-to-amazon-as-microsoft-and-fedex-enter-multiyear-collaboration,FreightWaves,,,,,,,neutral,0.5495929718017578
76248,2020-05-20 00:00:00+00:00,'Crucible' Is Out: Here's Everything You Need To Know About Amazon's First Video Game,AMZN,https://www.benzinga.com/news/20/05/16078166/crucible-is-out-heres-everything-you-need-to-know-about-amazons-first-video-game,Crystal Mills,,,,,,,neutral,0.9376205801963806
76249,2020-05-20 00:00:00+00:00,Facebook's New Shopping Feature Lifts Stock To All-Time Highs,AMZN,https://www.benzinga.com/analyst-ratings/analyst-color/20/05/16077618/facebooks-new-shopping-feature-lifts-stock-to-all-time-highs,Jayson Derrick,,,,,,,positive,0.9047182202339172
76250,2020-05-20 00:00:00+00:00,Stocks That Hit 52-Week Highs On Wednesday,AMZN,https://www.benzinga.com/news/20/05/16076168/stocks-that-hit-52-week-highs-on-wednesday,Benzinga Insights,,,,,,,neutral,0.6686745285987854
76251,2020-05-20 00:00:00+00:00,"'Amazon launches its first big-budget game, a shooter called Crucible' -Tweet From CNBC",AMZN,https://www.benzinga.com/news/20/05/16075347/amazon-launches-its-first-big-budget-game-a-shooter-called-crucible-tweet-from-cnbc,Benzinga Newsdesk,,,,,,,neutral,0.7681235074996948
76252,2020-05-20 00:00:00+00:00,Facebook Plans To Resume Work In Office In July At 25% Capacity And Safety Measures In Place,AMZN,https://www.benzinga.com/news/20/05/16072397/facebook-plans-to-resume-work-in-office-since-july-at-25-capacity-and-safety-measures-in-place,Neer Varshney,,,,,,,positive,0.7698392868041992
76253,2020-05-20 00:00:00+00:00,Alibaba Invests $1.4B In AI And Internet of Things Systems For Its Smart Speakers,AMZN,https://www.benzinga.com/news/20/05/16072461/alibaba-invests-1-4b-in-ai-and-internet-of-things-systems-for-its-smart-speakers,Shivdeep Dhaliwal,,,,,,,neutral,0.783897876739502
76254,2020-05-20 00:00:00+00:00,McDonald's Faces Class Action Over Lack Of Worker Protection Against Coronavirus,AMZN,https://www.benzinga.com/news/20/05/16072339/mcdonalds-faces-class-action-over-lack-of-worker-protection-against-coronavirus,Neer Varshney,,,,,,,negative,0.961359977722168
76255,2020-05-19 00:00:00+00:00,Opinion: Is Amazon Really A Winner Of The Pandemic?,AMZN,https://www.benzinga.com/opinion/20/05/16066299/opinion-is-amazon-really-a-winner-of-the-pandemic,IAM Newswire,,,,,,,neutral,0.9047706127166748
76256,2020-05-19 00:00:00+00:00,"Amazon Announces New Fulfillment Center In Wilmington, Delaware",AMZN,https://www.benzinga.com/news/20/05/16067241/amazon-announces-new-fulfillment-center-in-wilmington-delaware,Benzinga Newsdesk,,,,,,,positive,0.6157357096672058
76257,2020-05-19 00:00:00+00:00,"Walmart Earnings Look Strong Across the Board, But Home Depot Down After Missing on EPS",AMZN,https://www.benzinga.com/markets/20/05/16065422/walmart-earnings-look-strong-across-the-board-but-home-depot-down-after-missing-on-eps,JJ Kinahan,,,,,,,negative,0.9656923413276672
76258,2020-05-19 00:00:00+00:00,Women's Wear Daily On Monday Published Article 'Hear Amazon in Talks With Penney's',AMZN,https://www.benzinga.com/m-a/20/05/16063578/womens-wear-daily-on-monday-published-article-hear-amazon-in-talks-with-penneys,Benzinga Newsdesk,,,,,,,neutral,0.9226223826408386
76259,2020-05-19 00:00:00+00:00,'Hear Amazon in Talks With Penney's' -Yesterday WWD Report,AMZN,https://www.benzinga.com/news/20/05/16063556/hear-amazon-in-talks-with-penneys-yesterday-wwd-report,Benzinga Newsdesk,,,,,,,neutral,0.7975319027900696
76260,2020-05-19 00:00:00+00:00,Amazon Warehouse Workers In Seattle Area Can Now Have Access To Company's Virtual Medical Clinic,AMZN,https://www.benzinga.com/news/20/05/16061414/amazon-warehouse-workers-in-seattle-area-can-now-have-access-to-companys-virtual-medical-clinic,Shivdeep Dhaliwal,,,,,,,neutral,0.815134584903717
76261,2020-05-18 00:00:00+00:00,Walmart Earnings Ahead: Sales Figures May Offer Outlook For Spending During Coronavirus Lockdown,AMZN,https://www.benzinga.com/news/earnings/20/05/16059949/walmart-earnings-ahead-sales-figures-may-offer-outlook-for-spending-during-coronavirus-lockdown,JJ Kinahan,,,,,,,neutral,0.5995880961418152
76262,2020-05-18 00:00:00+00:00,Does Amazon's Jeff Bezos Smoke Weed?,AMZN,https://www.benzinga.com/markets/cannabis/20/05/16057489/does-amazons-jeff-bezos-smoke-weed,The Fresh Toast,,,,,,,neutral,0.8612881302833557
76263,2020-05-18 00:00:00+00:00,"Walmart, Target And Home Depot Among Major Retailers Set To Report Earnings In Days Ahead",AMZN,https://www.benzinga.com/news/earnings/20/05/16056192/walmart-target-home-depot-among-major-retailers-set-to-report-earnings-in-days-ahead,JJ Kinahan,,,,,,,positive,0.5360282063484192
76264,2020-05-18 00:00:00+00:00,Morning Market Stats in 5 Minutes,AMZN,https://www.benzinga.com/intraday-update/20/05/16055442/morning-market-stats-in-5-minutes,Benzinga Insights,,,,,,,neutral,0.9097254276275636
76265,2020-05-18 00:00:00+00:00,"Already Soaring, This Online Retail ETF Has E-Commerce Trends In Its Favor",AMZN,https://www.benzinga.com/trading-ideas/long-ideas/20/05/16052578/already-soaring-this-online-retail-etf-has-e-commerce-trends-in-its-favor,ETF Professor,,,,,,,positive,0.714051365852356
76266,2020-05-18 00:00:00+00:00,"General Atlantic To Invest $871M In India's Jio Platform, Joining Facebook, Vista, Silver Lake As Stakeholders",AMZN,https://www.benzinga.com/news/20/05/16052626/general-atlantic-to-invest-871m-in-indias-jio-platform-joining-facebook-vista-silver-lake-as-stakeho,Neer Varshney,,,,,,,neutral,0.7560259103775024
76267,2020-05-17 00:00:00+00:00,"Barron's Picks And Pans: Cisco, Gilead, Netflix, Wayfair And More",AMZN,https://www.benzinga.com/top-stories/20/05/16051966/barrons-picks-and-pans-cisco-gilead-netflix-wayfair-and-more,Nelson Hem,,,,,,,neutral,0.9393224716186525
76268,2020-05-16 00:00:00+00:00,"Q1 13F Roundup: How Buffett, Einhorn, Ackman And Others Adjusted Their Portfolios",AMZN,https://www.benzinga.com/news/20/05/16051311/q1-13f-roundup-how-buffett-einhorn-ackman-and-others-adjusted-their-portfolios,Wayne Duggan,,,,,,,neutral,0.8799787759780884
76269,2020-05-16 00:00:00+00:00,"Seth 'Scump' Abner Slams 'Call Of Duty: Modern Warfare,' Claims 'Warzone' Saved It",AMZN,https://www.benzinga.com/news/20/05/16049026/seth-scump-abner-slams-call-of-duty-modern-warfare-claims-warzone-saved-it,Crystal Mills,,,,,,,neutral,0.7992405295372009
76270,2020-05-15 00:00:00+00:00,13F For Buffett's Berkshire Shows Cut Stake In Amazon From 537.3K To ~533.3K Shares,AMZN,https://www.benzinga.com/general/hedge-funds/20/05/16048418/13f-for-buffetts-berkshire-shows-cut-stake-in-amazon-from-537-3k-to-533-3k-shares,Benzinga Newsdesk,,,,,,,neutral,0.6474384665489197
76271,2020-05-15 00:00:00+00:00,13F From Appaloosa Shows Cut Stake In Amazon From 291.5K To 250K Shares,AMZN,https://www.benzinga.com/general/hedge-funds/20/05/16048071/13f-from-appaloosa-shows-cut-stake-in-amazon-from-291-5k-to-250k-shares,Benzinga Newsdesk,,,,,,,neutral,0.5887898802757263
76272,2020-05-15 00:00:00+00:00,How Supply Chain Partners Can Help Drive The Triple Bottom Line,AMZN,https://www.benzinga.com/news/20/05/16047624/how-supply-chain-partners-can-help-drive-the-triple-bottom-line,FreightWaves,,,,,,,neutral,0.7589330077171326
76273,2020-05-15 00:00:00+00:00,"Hedge Fund Duquesne 13F Shows Increased Stakes In Facebook, Alibaba, Netflix, Amazon, Google, Alnylman",AMZN,https://www.benzinga.com/news/20/05/16046861/hedge-fund-duquesne-13f-shows-increased-stakes-in-facebook-alibaba-netflix-amazon-google-alnylman,Benzinga Newsdesk,,,,,,,positive,0.9394158720970154
76274,2020-05-15 00:00:00+00:00,USPS on horns of dilemma as it weighs parcel rate hikes,AMZN,https://www.benzinga.com/government/20/05/16044394/usps-on-horns-of-dilemma-as-it-weighs-parcel-rate-hikes,FreightWaves,,,,,,,negative,0.6475677490234375
76275,2020-05-15 00:00:00+00:00,"Here's How Much Investing $1,000 In Amazon's IPO Would Be Worth Today",AMZN,https://www.benzinga.com/general/education/20/05/16044405/heres-how-much-investing-1-000-in-amazons-ipo-would-be-worth-today,Wayne Duggan,,,,,,,neutral,0.9397612810134888
76276,2020-05-15 00:00:00+00:00,Quick Retreat: Impressive Thursday Turnaround Halted in Its Tracks Amid Fresh Trade Tiff,AMZN,https://www.benzinga.com/news/20/05/16043881/quick-retreat-impressive-thursday-turnaround-halted-in-its-tracks-amid-fresh-trade-tiff,JJ Kinahan,,,,,,,negative,0.8241556286811829
76277,2020-05-15 00:00:00+00:00,3 ETFs With Big-Time Shopify Exposure,AMZN,https://www.benzinga.com/trading-ideas/long-ideas/20/05/16040053/3-etfs-with-big-time-shopify-exposure,ETF Professor,,,,,,,neutral,0.8918453454971313
76278,2020-05-15 00:00:00+00:00,"Mark Cuban On Consumer Demand, Small Businesses Dilemma And Market Uncertainty",AMZN,https://www.benzinga.com/government/20/05/16040309/mark-cuban-on-consumer-demand-small-businesses-dilemma-and-market-uncertainty,Shivdeep Dhaliwal,,,,,,,neutral,0.9220245480537416
76279,2020-05-15 00:00:00+00:00,A Peek Into The Markets: US Stock Futures Up Ahead Of Economic Reports,AMZN,https://www.benzinga.com/news/earnings/20/05/16040592/a-peek-into-the-markets-us-stock-futures-up-ahead-of-economic-reports,Lisa Levin,,,,,,,neutral,0.5361201763153076
76280,2020-05-15 00:00:00+00:00,Amazon Said to be Looking at Additional Fairway Locations,AMZN,https://www.benzinga.com/m-a/20/05/16040536/amazon-said-to-be-looking-at-additional-fairway-locations,Charles Gross,,,,,,,neutral,0.8118923306465149
76281,2020-05-15 00:00:00+00:00,Amazon To Manufacture Face Shields And Sell Them At Cost,AMZN,https://www.benzinga.com/news/20/05/16039930/amazon-to-manufacture-face-shields-and-sell-them-at-cost,Shivdeep Dhaliwal,,,,,,,neutral,0.9357160925865172
76282,2020-05-14 00:00:00+00:00,Today's Pickup: COVID-19 Gives Smaller e-Commerce Firms A Chance Against Amazon,AMZN,https://www.benzinga.com/news/20/05/16036250/todays-pickup-covid-19-gives-smaller-e-commerce-firms-a-chance-against-amazon,FreightWaves,,,,,,,positive,0.6879546642303467
76283,2020-05-14 00:00:00+00:00,Commentary: Trade Flow And The Warning Flares It Signals,AMZN,https://www.benzinga.com/markets/penny-stocks/20/05/16035796/commentary-trade-flow-and-the-warning-flares-it-signals,FreightWaves,,,,,,,neutral,0.9043307304382324
76284,2020-05-14 00:00:00+00:00,P/E Ratio Insights for Amazon.com,AMZN,https://www.benzinga.com/intraday-update/20/05/16033016/pe-ratio-insights-for-amazon-com,Benzinga Insights,,,,,,,neutral,0.9400179982185364
76285,2020-05-14 00:00:00+00:00,Hearing KeyBanc Saying Amazon Launched Common Threads Vogue Thurs. Morning,AMZN,https://www.benzinga.com/analyst-ratings/analyst-color/20/05/16032826/hearing-keybanc-saying-amazon-launched-common-threads-vogue-thurs-morning,Benzinga Newsdesk,,,,,,,neutral,0.9240174293518066
76286,2020-05-14 00:00:00+00:00,Amazon Calls For Federal Law Against Price Gouging During National Crises,AMZN,https://www.benzinga.com/news/20/05/16028751/amazon-calls-for-federal-law-against-price-gouging-during-national-crises,Neer Varshney,,,,,,,neutral,0.7742648124694824
76287,2020-05-13 00:00:00+00:00,"Investor 'Bill Miller doesn't see market as 'dramatically overvalued,' says Amazon could double in 3 years' -Tweet From CNBC",AMZN,https://www.benzinga.com/media/20/05/16025291/investor-bill-miller-doesnt-see-market-as-dramatically-overvalued-says-amazon-could-double-in-3-year,Benzinga Newsdesk,,,,,,,positive,0.6187363266944885
76288,2020-05-13 00:00:00+00:00,"Retail Pro Says Giants Like Amazon, Walmart Will Prevail After Coronavirus: 'It's Not Fair'",AMZN,https://www.benzinga.com/analyst-ratings/analyst-color/20/05/16017455/retail-pro-says-giants-like-amazon-walmart-will-prevail-after-coronavirus-its-not-f,Jayson Derrick,,,,,,,negative,0.5137000679969788
76289,2020-05-13 00:00:00+00:00,Amazon Extended Increased Hourly Pay Through May 30,AMZN,https://www.benzinga.com/news/20/05/16024123/amazon-extended-increased-hourly-pay-through-may-30,Benzinga Newsdesk,,,,,,,positive,0.5870321393013
76290,2020-05-13 00:00:00+00:00,"Amazon To Extend Double Overtime Pay In US, Canada",AMZN,https://www.benzinga.com/news/20/05/16023809/amazon-to-extend-double-overtime-pay-in-us-canada,Benzinga Newsdesk,,,,,,,neutral,0.6008853912353516
76291,2020-05-13 00:00:00+00:00,What To Know About The Conflicting AMC Entertainment-AMC Networks Rumors,AMZN,https://www.benzinga.com/m-a/20/05/16014823/what-to-know-about-the-conflicting-amc-entertainment-amc-networks-rumors,Tanzeel Akhtar,,,,,,,neutral,0.8467671275138855
76292,2020-05-13 00:00:00+00:00,Financial Stocks Could Be In Focus Today After Powell Speech; Cisco Reports This Afternoon,AMZN,https://www.benzinga.com/news/earnings/20/05/16022429/financial-stocks-could-be-in-focus-today-after-powell-speech-cisco-reports-this-afternoon,JJ Kinahan,,,,,,,neutral,0.9133139848709106
76293,2020-05-13 00:00:00+00:00,3 ETFs To Order Out With If Uber Buys GrubHub,AMZN,https://www.benzinga.com/trading-ideas/long-ideas/20/05/16017174/3-etfs-to-order-out-with-if-uber-buys-grubhuber,ETF Professor,,,,,,,neutral,0.9145663380622864
76294,2020-05-13 00:00:00+00:00,Amazon to Extend France Warehouse Closures to May 18,AMZN,https://www.benzinga.com/news/20/05/16018877/amazon-to-extend-france-warehouse-closures-to-may-18,Charles Gross,,,,,,,negative,0.8862400054931641
76295,2020-05-13 00:00:00+00:00,Amazon Says One-Day Deliveries Of Non-Essential Goods To Restart In Coming Weeks,AMZN,https://www.benzinga.com/news/20/05/16018352/amazon-says-one-day-deliveries-of-non-essential-goods-to-restart-in-coming-weeks,Neer Varshney,,,,,,,neutral,0.8437196016311646
76296,2020-05-12 00:00:00+00:00,Here's What Kara Swisher And Chamath Palihapitiya Think About Elon Musk's Threats To Leave California,AMZN,https://www.benzinga.com/news/20/05/16012853/heres-what-kara-swisher-and-chamath-palihapitiya-think-about-elon-musks-threats-to-leave-california,Elizabeth Balboa,,,,,,,neutral,0.9197328090667723
76297,2020-05-12 00:00:00+00:00,"Caution Ahead: Biggest Blue-Chips Seek Change, Innovation Post-COVID-19",AMZN,https://www.benzinga.com/markets/20/05/16012406/caution-ahead-biggest-blue-chips-seek-change-innovation-post-covid-19,IAM Newswire,,,,,,,neutral,0.8248776197433472
76298,2020-05-12 00:00:00+00:00,AMC's Stock Still In The Spotlight As Wall Street Digests Amazon Rumor,AMZN,https://www.benzinga.com/analyst-ratings/analyst-color/20/05/16013259/amcs-stock-still-in-the-spotlight-as-wall-street-digests-amazon-rumor,Jayson Derrick,,,,,,,positive,0.5106258988380432
76299,2020-05-12 00:00:00+00:00,PreMarket Prep Stock Of The Day: Simon Property Group,AMZN,https://www.benzinga.com/news/earnings/20/05/16013142/premarket-prep-stock-of-the-day-simon-property-group,Joel Elconin,,,,,,,neutral,0.9347230792045592
76300,2020-05-12 00:00:00+00:00,"Amazon Shares Unaffected Amid Report Coalition Of 13 US Attorney Generals Have Asked Co. To Provide Data About Infections, Deaths Among Its Workers, Evidence Co Is In Compliance With State Paid Sick Leave Laws",AMZN,https://www.benzinga.com/news/20/05/16013069/amazon-shares-unaffected-amid-report-coalition-of-13-us-attorney-generals-have-asked-co-to-provide-d,Benzinga Newsdesk,,,,,,,negative,0.9465976357460022
76301,2020-05-12 00:00:00+00:00,Amazon Air Picks San Bernardino Airport For Western Hub,AMZN,https://www.benzinga.com/news/20/05/16011281/amazon-air-picks-san-bernardino-airport-for-western-hub,FreightWaves,,,,,,,neutral,0.9207647442817688
76302,2020-05-12 00:00:00+00:00,Not Just Fun And Games: How Esports Could Offer Potential Investment Opportunities,AMZN,https://www.benzinga.com/general/education/20/05/16008509/not-just-fun-and-games-how-esports-could-offer-potential-investment-opportunities,TD Ameritrade,,,,,,,neutral,0.8703921437263489
76303,2020-05-12 00:00:00+00:00,"With This NASDAQ-100 Soaring, Don't Forget This ETF",AMZN,https://www.benzinga.com/trading-ideas/long-ideas/20/05/16007402/with-this-nasdaq-100-soaring-dont-forget-this-etf,ETF Professor,,,,,,,neutral,0.8028044700622559
76304,2020-05-12 00:00:00+00:00,Amazon Releases AI-Based Enterprise Search Solution Kendra,AMZN,https://www.benzinga.com/news/20/05/16007555/amazon-releases-ai-based-enterprise-search-solution-kendra,Shivdeep Dhaliwal,,,,,,,neutral,0.8935326933860779
76305,2020-05-11 00:00:00+00:00,3 Soaring Cloud Computing ETFs,AMZN,https://www.benzinga.com/trading-ideas/long-ideas/20/05/16003112/3-soaring-cloud-computing-etfs,ETF Professor,,,,,,,neutral,0.9165260195732116
76306,2020-05-11 00:00:00+00:00,"'A Movie Studio Could Buy AMC, Even if Amazon Isn't Interested' -Barron's Article",AMZN,https://www.benzinga.com/news/20/05/16003941/a-movie-studio-could-buy-amc-even-if-amazon-isnt-interested-barrons-article,Benzinga Newsdesk,,,,,,,neutral,0.9295197129249572
76307,2020-05-11 00:00:00+00:00,"'Amazon needs movies more than a multiplex' -BNN Bloomberg; Mentions 'Lions Gate Entertainment Corp., ViacomCBS Inc.'s Paramount Pictures, Sony Pictures and Metro-Goldwyn-Mayer Inc. are all options and may be willing sellers'",AMZN,https://www.benzinga.com/news/20/05/16003185/amazon-needs-movies-more-than-a-multiplex-bnn-bloomberg-mentions-lions-gate-entertainment-corp-viaco,Benzinga Newsdesk,,,,,,,positive,0.6028077602386475
76308,2020-05-11 00:00:00+00:00,PreMarket Prep Stock Of The Day: AMC Entertainment,AMZN,https://www.benzinga.com/trading-ideas/long-ideas/20/05/16001842/premarket-prep-stock-of-the-day-amc-entertainment,Joel Elconin,,,,,,,neutral,0.9273673295974731
76309,2020-05-11 00:00:00+00:00,Amazon Might Be Looking To Buy Struggling AMC Theaters: Report,AMZN,https://www.benzinga.com/m-a/20/05/16000678/amazon-might-be-looking-to-buy-struggling-amc-theaters-report,Tanzeel Akhtar,,,,,,,neutral,0.819611668586731
76310,2020-05-11 00:00:00+00:00,"AMC Shares Fall To Session Low, Still Up 30% For Session; Traders Circulate Deadline Article Suggesting Co. Sources Say No Talks With Amazon Happening",AMZN,https://www.benzinga.com/news/20/05/16000823/amc-shares-fall-to-session-low-still-up-30-for-session-traders-circulate-deadline-article-suggesting,Benzinga Newsdesk,,,,,,,negative,0.9408515691757202
76311,2020-05-11 00:00:00+00:00,AMC Shares Largely Unaffected As Traders Circulate Word CNBC's David Faber Questioned Amazon Rumor,AMZN,https://www.benzinga.com/news/20/05/16000602/amc-shares-largely-unaffected-as-traders-circulate-word-cnbcs-david-faber-questioned-amazon-rumor,Benzinga Newsdesk,,,,,,,negative,0.6356871724128723
76312,2020-05-11 00:00:00+00:00,"Shares Of AMC Up 71% Pre-Market After Traders Circulate Daily Mail Report That Amazon Is In Talks With Odeon Cinemas, Which AMC Owns",AMZN,https://www.benzinga.com/news/20/05/15999564/shares-of-amc-up-71-pre-market-after-traders-circulate-daily-mail-report-that-amazon-is-in-talks-wit,Benzinga Newsdesk,,,,,,,positive,0.8191092014312744
76313,2020-05-11 00:00:00+00:00,"Benzinga Pro's Top 5 Stocks To Watch For Mon., May 11, 2020: SNE, CNK, MRNA, WORK, KMX",AMZN,https://www.benzinga.com/pre-market-outlook/20/05/15998612/benzinga-pros-top-5-stocks-to-watch-for-mon-may-11-2020-sne-cnk-mrna-work-kmx,Benzinga Newsdesk,,,,,,,neutral,0.9366854429244996
76314,2020-05-11 00:00:00+00:00,"Daily Mail, Citing Sources, Reports Amazon Is 'Circling' AMC Theaters, Says 'The duo are said to have held talks about a potential takeover of AMC by Amazon'",AMZN,https://www.benzinga.com/news/20/05/15998171/daily-mail-citing-sources-reports-amazon-is-circling-amc-theaters-says-the-duo-are-said-to-have-held,Benzinga Newsdesk,,,,,,,neutral,0.6195855140686035
76315,2020-05-11 00:00:00+00:00,Former Google CEO Eric Schmidt Cut Last Ties With The Company: Report,AMZN,https://www.benzinga.com/news/20/05/15996955/former-google-ceo-eric-schmidt-cut-last-ties-with-the-company-report,Neer Varshney,,,,,,,negative,0.484620988368988
76316,2020-05-10 00:00:00+00:00,"Amazon Worker Claims At Least 600 Employees Struck By COVID-19, Six Dead",AMZN,https://www.benzinga.com/news/20/05/15996902/amazon-worker-claims-at-least-600-employees-struck-by-covid-19-six-dead,Shivdeep Dhaliwal,,,,,,,negative,0.9603347778320312
76317,2020-05-09 00:00:00+00:00,"Barron's Picks And Pans: Boyd Gaming, Domino's Pizza, Exxon And More",AMZN,https://www.benzinga.com/media/20/05/15996204/barrons-picks-and-pans-boyd-gaming-dominos-pizza-exxon-and-more,Nelson Hem,,,,,,,neutral,0.9425463676452636
76318,2020-05-08 00:00:00+00:00,"Along With Dramatic Jobs Data, Investors Scrutinize Recent Earnings From Uber, Square",AMZN,https://www.benzinga.com/news/earnings/20/05/15989774/along-with-dramatic-jobs-data-investors-scrutinize-recent-earnings-from-uber-square,JJ Kinahan,,,,,,,neutral,0.571936845779419
76319,2020-05-08 00:00:00+00:00,"Vista Equity Invests $1.5B In India's Jio Platforms, Joining Facebook, Silver Lake As Stakeholders",AMZN,https://www.benzinga.com/news/20/05/15986521/vista-equity-invests-1-5b-in-indias-jio-platforms-joining-facebook-silver-lake-as-stakeholders,Neer Varshney,,,,,,,neutral,0.8542597889900208
76320,2020-05-07 00:00:00+00:00,Former XPO Executive Tapped To Head US Postal Service,AMZN,https://www.benzinga.com/government/20/05/15982416/former-xpo-executive-tapped-to-head-us-postal-service,FreightWaves,,,,,,,neutral,0.9233104586601256
76321,2020-05-07 00:00:00+00:00,Amazon Says Planning To Prolong Closure Of French Warehouses Until May 13,AMZN,https://www.benzinga.com/news/20/05/15981464/amazon-says-planning-to-prolong-closure-of-french-warehouses-until-may-13,Benzinga Newsdesk,,,,,,,negative,0.8282873630523682
76322,2020-05-07 00:00:00+00:00,'Cramer: Coronavirus could propel plant-based Beyond Meat into a giant like Amazon or Facebook' -CNBC Article,AMZN,https://www.benzinga.com/news/20/05/15979117/cramer-coronavirus-could-propel-plant-based-beyond-meat-into-a-giant-like-amazon-or-facebook-cnbc-ar,Benzinga Newsdesk,,,,,,,neutral,0.8950520753860474
76323,2020-05-07 00:00:00+00:00,Amazon Weighs Direct Investment in India's Future Retail,AMZN,https://www.benzinga.com/news/20/05/15975024/amazon-weighs-direct-investment-in-indias-future-retail,Charles Gross,,,,,,,neutral,0.6932846307754517
76324,2020-05-06 00:00:00+00:00,"A Low-Cost, FAAMNG-Heavy ETF For May",AMZN,https://www.benzinga.com/analyst-ratings/analyst-color/20/05/15963335/a-low-cost-faamng-heavy-etf-for-may,ETF Professor,,,,,,,neutral,0.7633529901504517
76325,2020-05-06 00:00:00+00:00,"Webull Leverages Crisis To Spur Innovation, Financial Wellness",AMZN,https://www.benzinga.com/fintech/20/05/15970611/webull-leverages-crisis-to-spur-innovation-financial-wellness,Renato Capelj,,,,,,,neutral,0.7473755478858948
76326,2020-05-06 00:00:00+00:00,"Coronavirus Drives Surge In Online Grocery Penetration For Players Like Amazon Prime Now, Walmart",AMZN,https://www.benzinga.com/analyst-ratings/analyst-color/20/05/15970161/coronavirus-drives-surge-in-online-grocery-penetration-for-players-like-amazon-prim,Jayson Derrick,,,,,,,positive,0.9369277954101562
76327,2020-05-06 00:00:00+00:00,Amazon's Brokerage Operation Goes National,AMZN,https://www.benzinga.com/news/20/05/15969063/amazons-brokerage-operation-goes-national,FreightWaves,,,,,,,neutral,0.5232786536216736
76328,2020-05-06 00:00:00+00:00,"eBay Reported An Amazing Quarter, But Is It Enough?",AMZN,https://www.benzinga.com/news/earnings/20/05/15935380/ebay-reported-an-amazing-quarter-but-is-it-enough,IAM Newswire,,,,,,,neutral,0.604951798915863
76329,2020-05-06 00:00:00+00:00,Amazon Emerges As The Winner Of The COVID-19 Outbreak,AMZN,https://www.benzinga.com/news/earnings/20/05/15945241/amazon-officially-emerges-as-the-winner-of-the-covid-19-outbreak,IAM Newswire,,,,,,,positive,0.8346584439277649
76330,2020-05-06 00:00:00+00:00,A Recap Of Social Media Earnings,AMZN,https://www.benzinga.com/news/earnings/20/05/15945240/a-recap-of-social-media-earnings,IAM Newswire,,,,,,,neutral,0.9413267374038696
76331,2020-05-06 00:00:00+00:00,"GM, Disney, Beyond Meat Results In Focus, With GM And BYND Getting Early Lift",AMZN,https://www.benzinga.com/news/earnings/20/05/15967081/gm-disney-beyond-meat-results-in-focus-with-gm-and-bynd-getting-early-lift,JJ Kinahan,,,,,,,neutral,0.7807093262672424
76332,2020-05-06 00:00:00+00:00,"Amid COVID Outbreak, Freighter Demand Boosts ATSG In Q1",AMZN,https://www.benzinga.com/news/earnings/20/05/15965831/amid-covid-outbreak-freighter-demand-boosts-atsg-in-q1,FreightWaves,,,,,,,positive,0.9471873044967652
76333,2020-05-05 00:00:00+00:00,"Stifel Downgrades Wayfair After Q1 Print, Says Coronavirus Sales Surge Will Dissipate",AMZN,https://www.benzinga.com/analyst-ratings/analyst-color/20/05/15962764/stifel-downgrades-wayfair-after-q1-print-says-coronavirus-sales-surge-will-dissipat,Jayson Derrick,,,,,,,negative,0.8699386715888977
76334,2020-05-05 00:00:00+00:00,'An Amazon warehouse worker in New York has died of COVID-19' -The Verge,AMZN,https://www.benzinga.com/news/20/05/15959651/an-amazon-warehouse-worker-in-new-york-has-died-of-covid-19-the-verge,Benzinga Newsdesk,,,,,,,negative,0.6180068850517273
76335,2020-05-05 00:00:00+00:00,"Charles Schwab Launches Fractional Shares, The Ability To Gift Stock",AMZN,https://www.benzinga.com/fintech/20/05/15958437/charles-schwab-launches-fractional-shares-the-ability-to-gift-stock,Renato Capelj,,,,,,,neutral,0.9254346489906312
76336,2020-05-05 00:00:00+00:00,"Today's Pickup: Idelic Integrates Samsara ELD, Camera Data Into Platform",AMZN,https://www.benzinga.com/news/20/05/15956569/todays-pickup-idelic-integrates-samsara-eld-camera-data-into-platform,FreightWaves,,,,,,,neutral,0.795214056968689
76337,2020-05-05 00:00:00+00:00,PreMarket Prep Stock Of The Day: Chegg Inc.,AMZN,https://www.benzinga.com/news/earnings/20/05/15957898/premarket-prep-stock-of-the-day-chegg-inc,Joel Elconin,,,,,,,neutral,0.9210336804389954
76338,2020-05-05 00:00:00+00:00,"U.S. Immigration And Customs Working With 3M, Amazon, Pfizer & Others To Curtail Imports Of Counterfeit Masks, Coronavirus Tests, Other Gear",AMZN,https://www.benzinga.com/news/20/05/15957649/u-s-immigration-and-customs-working-with-3m-amazon-pfizer-others-to-curtail-imports-of-counterfeit-m,Benzinga Newsdesk,,,,,,,negative,0.9280145168304444
76339,2020-05-05 00:00:00+00:00,"Retail Sector Preview: Pandemic Pits E-Commerce Giant Amazon Against Big Box Stores, Mall Outlets",AMZN,https://www.benzinga.com/news/earnings/20/05/15955828/retail-sector-preview-pandemic-pits-e-commerce-giant-amazon-against-big-box-stores-mall-outlets,JJ Kinahan,,,,,,,negative,0.829708456993103
76340,2020-05-05 00:00:00+00:00,"Disney, Beyond Meat And Video Game Makers All Set To Report As Firm Tone Continues",AMZN,https://www.benzinga.com/news/earnings/20/05/15955508/disney-beyond-meat-and-video-game-makers-all-set-to-report-later-as-firm-tone-continues,JJ Kinahan,,,,,,,neutral,0.8267725706100464
76341,2020-05-04 00:00:00+00:00,YouTube Signs Gamer PewDiePie To Exclusive Streaming Deal,AMZN,https://www.benzinga.com/news/20/05/15948439/youtube-signs-gamer-pewdiepie-to-exclusive-streaming-deal,Steve Krause,,,,,,,neutral,0.5625377893447876
76342,2020-05-04 00:00:00+00:00,YouTube Signs Gamer PewDiePie to Live Streaming Deal,AMZN,https://www.benzinga.com/news/20/05/15947941/youtube-signs-gamer-pewdiepie-to-live-streaming-deal,Benzinga Newsdesk,,,,,,,neutral,0.7401248812675476
76343,2020-05-04 00:00:00+00:00,Amazon Plans To Extend Closure Of French Warehouses Until May 8,AMZN,https://www.benzinga.com/news/20/05/15947164/amazon-plans-to-extend-closure-of-french-warehouses-until-may-8,Benzinga Newsdesk,,,,,,,negative,0.8719042539596558
76344,2020-05-04 00:00:00+00:00,"GM, Disney In Focus Along With Friday's Payrolls Data As Stocks Appear Shaky To Start New Week",AMZN,https://www.benzinga.com/news/earnings/20/05/15944732/gm-disney-in-focus-along-with-fridays-payrolls-data-as-stocks-appear-shaky-to-start-new-week,JJ Kinahan,,,,,,,negative,0.5797402858734131
76345,2020-05-04 00:00:00+00:00,"4 Sector ETFs For May: 2 To Buy, 2 To Avoid",AMZN,https://www.benzinga.com/trading-ideas/long-ideas/20/05/15940978/4-sector-etfs-for-may-2-to-buy-2-to-avoid,ETF Professor,,,,,,,neutral,0.9296133518218994
76346,2020-05-04 00:00:00+00:00,98 Biggest Movers From Friday,AMZN,https://www.benzinga.com/news/20/05/15941654/98-biggest-movers-from-friday,Lisa Levin,,,,,,,neutral,0.8634513020515442
76347,2020-05-03 00:00:00+00:00,"Benzinga's Bulls And Bears Of The Week: Ford, Gilead, Microsoft, Intel And More",AMZN,https://www.benzinga.com/trading-ideas/long-ideas/20/05/15940534/benzingas-bulls-and-bears-of-the-week-ford-gilead-microsoft-intel-and-more,Nelson Hem,,,,,,,neutral,0.9387995600700378
76348,2020-05-02 00:00:00+00:00,How Amazon Web Services Stacked Up Against Microsoft's Azure,AMZN,https://www.benzinga.com/analyst-ratings/analyst-color/20/05/15934564/how-amazon-web-services-stacked-up-against-microsofts-azure,Shanthi Rexaline,,,,,,,positive,0.7099716067314148
76349,2020-05-02 00:00:00+00:00,"Warren Buffett Says There's No Bubble In FANG Stocks, But He's Still Not Buying",AMZN,https://www.benzinga.com/top-stories/20/05/15937144/warren-buffett-says-theres-no-bubble-in-fang-stocks-but-hes-still-not-buying,Wayne Duggan,,,,,,,neutral,0.8440590500831604
76350,2020-05-01 00:00:00+00:00,"Amazon, Exxon Mobil Earnings Weigh On Market To Start New Month As Caution Steers The Wheel",AMZN,https://www.benzinga.com/news/earnings/20/05/15939300/amazon-exxon-mobil-earnings-weigh-on-market-to-start-new-month-as-caution-steers-the-wheel,JJ Kinahan,,,,,,,negative,0.7809860110282898
76351,2020-05-01 00:00:00+00:00,Mid-Afternoon Market Update: Dow Tumbles Over 600 Points; International Money Express Shares Climb,AMZN,https://www.benzinga.com/news/earnings/20/05/15936982/mid-afternoon-market-update-dow-tumbles-over-600-points-international-money-express-shares-climb,Lisa Levin,,,,,,,negative,0.937248468399048
76352,2020-05-01 00:00:00+00:00,"Today's Pickup: Amazon, Walmart, Instacart Workers To Hold May Day Walkout",AMZN,https://www.benzinga.com/news/20/05/15935372/todays-pickup-amazon-walmart-instacart-workers-to-hold-may-day-walkout,FreightWaves,,,,,,,neutral,0.7557535767555237
76353,2020-05-01 00:00:00+00:00,"SunTrust Robinson Humphrey Maintains Buy on Amazon.com, Lowers Price Target to $2700",AMZN,https://www.benzinga.com/news/20/05/15935887/suntrust-robinson-humphrey-maintains-buy-on-amazon-com-lowers-price-target-to-2700,Vick Meyer,,,,,,,neutral,0.8236967325210571
76354,2020-05-01 00:00:00+00:00,58 Stocks Moving In Friday's Mid-Day Session,AMZN,https://www.benzinga.com/news/20/05/15935708/58-stocks-moving-in-fridays-mid-day-session,Lisa Levin,,,,,,,neutral,0.5490573048591614
76355,2020-05-01 00:00:00+00:00,Mid-Day Market Update: Hub Group Slides On Downbeat Q1 Results; Medigus Share Jump,AMZN,https://www.benzinga.com/news/earnings/20/05/15935540/mid-day-market-update-hub-group-slides-on-downbeat-q1-results-medigus-share-jump,Lisa Levin,,,,,,,negative,0.972756564617157
76356,2020-05-01 00:00:00+00:00,Amazon Analysts React To Q1 Earnings: Stock Sell-Off Is Short-Sighted,AMZN,https://www.benzinga.com/analyst-ratings/analyst-color/20/05/15934894/amazon-analysts-react-to-q1-earnings-stock-sell-off-is-short-sighted,Wayne Duggan,,,,,,,negative,0.820732057094574
76357,2020-05-01 00:00:00+00:00,"JMP Securities Maintains Market Outperform on Amazon.com, Raises Price Target to $2850",AMZN,https://www.benzinga.com/news/20/05/15935041/jmp-securities-maintains-market-outperform-on-amazon-com-raises-price-target-to-2850,Vick Meyer,,,,,,,positive,0.8870593309402466
76358,2020-05-01 00:00:00+00:00,"UPDATE: Raymond James Maintains Outperform On Amazon, Raises Target To $2,525 As Firm Cites 4 Reasons:",AMZN,https://www.benzinga.com/analyst-ratings/analyst-color/20/05/15934449/update-raymond-james-maintains-outperform-on-amazon-raises-target-to-2-525-as-firm-,Benzinga_Newsdesk,,,,,,,positive,0.7819463610649109
76359,2020-05-01 00:00:00+00:00,"Canaccord Genuity Maintains Buy on Amazon.com, Raises Price Target to $2750",AMZN,https://www.benzinga.com/news/20/05/15934314/canaccord-genuity-maintains-buy-on-amazon-com-raises-price-target-to-2750,Benzinga_Newsdesk,,,,,,,positive,0.5830888748168945
76360,2020-05-01 00:00:00+00:00,"Guggenheim Maintains Buy on Amazon.com, Raises Price Target to $2700",AMZN,https://www.benzinga.com/news/20/05/15934267/guggenheim-maintains-buy-on-amazon-com-raises-price-target-to-2700,Vick Meyer,,,,,,,neutral,0.6821765303611755
76361,2020-05-01 00:00:00+00:00,"UPDATE: Morgan Stanley On Amazon Notes 'Moreover, efficiency/scale gains are driving EBIT too, which AMZN is wisely investing in safety, a next competitive edge. PT to $2,600, Bull case $3,200. Remains top pick'",AMZN,https://www.benzinga.com/analyst-ratings/analyst-color/20/05/15934266/update-morgan-stanley-on-amazon-notes-moreover-efficiencyscale-gains-are-driving-eb,Benzinga_Newsdesk,,,,,,,positive,0.9237661957740784
76362,2020-05-01 00:00:00+00:00,"UPDATE: Morgan Stanley Maintains Overweight On Amazon, Raises Target To $2,600 Notes 'Accelerating growth and consumer demand still outpacing AMZN's network capacity speak to the structural share gains afoot'",AMZN,https://www.benzinga.com/analyst-ratings/analyst-color/20/05/15934263/update-morgan-stanley-maintains-overweight-on-amazon-raises-target-to-2-600-notes-a,Benzinga_Newsdesk,,,,,,,positive,0.8419784903526306
76363,2020-05-01 00:00:00+00:00,"Benchmark Maintains Buy on Amazon.com, Raises Price Target to $2650",AMZN,https://www.benzinga.com/news/20/05/15934210/benchmark-maintains-buy-on-amazon-com-raises-price-target-to-2650,Vick Meyer,,,,,,,positive,0.6480944752693176
76364,2020-05-01 00:00:00+00:00,"BMO Capital Maintains Outperform on Amazon.com, Raises Price Target to $2850",AMZN,https://www.benzinga.com/news/20/05/15934188/bmo-capital-maintains-outperform-on-amazon-com-raises-price-target-to-2850,Vick Meyer,,,,,,,positive,0.8928935527801514
76365,2020-05-01 00:00:00+00:00,"UPDATE: Judiciary Panel Says Will Investigate Related To Amazon 'Possibly Criminally False, Perjurious' Statements By Co. About Business Practices",AMZN,https://www.benzinga.com/news/20/05/15934139/update-judiciary-panel-says-will-investigate-related-to-amazon-possibly-criminally-false-perjurious,Benzinga Newsdesk,,,,,,,negative,0.8251422047615051
76366,2020-05-01 00:00:00+00:00,"UPDATE: Judiciary Panel Says Will Investigate Related To Amazon 'Possibly Criminally False, Perjurious' Statements By Co. About Business Practices",AMZN,https://www.benzinga.com/news/20/05/15934140/update-judiciary-panel-says-will-investigate-related-to-amazon-possibly-criminally-false-perjurious,Benzinga Newsdesk,,,,,,,negative,0.8251422047615051
76367,2020-05-01 00:00:00+00:00,Morning Market Stats in 5 Minutes,AMZN,https://www.benzinga.com/intraday-update/20/05/15933503/morning-market-stats-in-5-minutes,Benzinga Insights,,,,,,,neutral,0.9097254276275636
76368,2020-05-01 00:00:00+00:00,UPDATE: House Judiciary Panel Wants To Know About Amazon's Private-Label Practices,AMZN,https://www.benzinga.com/news/20/05/15934110/update-house-judiciary-panel-wants-to-know-about-amazons-private-label-practices,Benzinga Newsdesk,,,,,,,neutral,0.9319261908531188
76369,2020-05-01 00:00:00+00:00,Amazon Shares Largely Unaffected As House Judiciary Committee Has Called On Jeff Bezos To Testify After Co. Reportedly Mislead Congress,AMZN,https://www.benzinga.com/news/20/05/15934105/amazon-shares-largely-unaffected-as-house-judiciary-committee-has-called-on-jeff-bezos-to-testify-af,Benzinga Newsdesk,,,,,,,negative,0.938165545463562
76370,2020-05-01 00:00:00+00:00,Mid-Morning Market Update: Markets Open Lower; Amazon Posts Mixed Q1 Results,AMZN,https://www.benzinga.com/news/earnings/20/05/15933998/mid-morning-market-update-markets-open-lower-amazon-posts-mixed-q1-results,Lisa Levin,,,,,,,negative,0.9723319411277772
76371,2020-05-01 00:00:00+00:00,"Disappointment From Amazon, Apple Weighs On Market As Investors Also Consider Energy Earnings",AMZN,https://www.benzinga.com/news/20/05/15933661/disappointment-from-amazon-apple-weighs-on-market-as-investors-also-consider-energy-earnings,JJ Kinahan,,,,,,,negative,0.8800569772720337
76372,2020-05-01 00:00:00+00:00,US Billionaires Add $406B To Collective Wealth While More Than 30M People Lose Jobs During Pandemic,AMZN,https://www.benzinga.com/news/20/05/15930506/us-billionaires-add-406b-to-collective-wealth-while-more-than-30m-people-lose-jobs-during-pandemic,Shivdeep Dhaliwal,,,,,,,negative,0.949360489845276
76373,2020-05-01 00:00:00+00:00,"UBS Maintains Buy on Amazon.com, Raises Price Target to $3000",AMZN,https://www.benzinga.com/news/20/05/15933072/ubs-maintains-buy-on-amazon-com-raises-price-target-to-3000,Benzinga_Newsdesk,,,,,,,positive,0.6301172971725464
76374,2020-05-01 00:00:00+00:00,"MKM Partners Maintains Buy on Amazon.com, Raises Price Target to $2525",AMZN,https://www.benzinga.com/news/20/05/15933007/mkm-partners-maintains-buy-on-amazon-com-raises-price-target-to-2525,Vick Meyer,,,,,,,positive,0.7188241481781006
76375,2020-05-01 00:00:00+00:00,10 Biggest Price Target Changes For Friday,AMZN,https://www.benzinga.com/analyst-ratings/price-target/20/05/15932476/10-biggest-price-target-changes-for-friday,Lisa Levin,,,,,,,neutral,0.7916321754455566
76376,2020-05-01 00:00:00+00:00,"B of A Securities Reiterates Buy on Amazon.com, Raises Price Target to $2600",AMZN,https://www.benzinga.com/news/20/05/15932417/b-of-a-securities-reiterates-buy-on-amazon-com-raises-price-target-to-2600,Benzinga_Newsdesk,,,,,,,neutral,0.7795475125312805
76377,2020-05-01 00:00:00+00:00,"Credit Suisse Maintains Outperform on Amazon.com, Lowers Price Target to $2760",AMZN,https://www.benzinga.com/news/20/05/15932401/credit-suisse-maintains-outperform-on-amazon-com-lowers-price-target-to-2760,Vick Meyer,,,,,,,negative,0.7734273076057434
76378,2020-05-01 00:00:00+00:00,"Cramer Weighs In On Cracker Barrel, UPS And More",AMZN,https://www.benzinga.com/media/20/05/15930888/cramer-weighs-in-on-cracker-barrel-ups-and-more,Craig Jones,,,,,,,neutral,0.8255609273910522
76379,2020-05-01 00:00:00+00:00,"Susquehanna Maintains Positive on Amazon.com, Raises Price Target to $3000",AMZN,https://www.benzinga.com/news/20/05/15932108/susquehanna-maintains-positive-on-amazon-com-raises-price-target-to-3000,Vick Meyer,,,,,,,positive,0.916506826877594
76380,2020-05-01 00:00:00+00:00,"Raymond James Maintains Outperform on Amazon.com, Raises Price Target to $2525",AMZN,https://www.benzinga.com/news/20/05/15932004/raymond-james-maintains-outperform-on-amazon-com-raises-price-target-to-2525,Benzinga_Newsdesk,,,,,,,positive,0.8335497379302979
76381,2020-05-01 00:00:00+00:00,"Morgan Stanley Maintains Overweight on Amazon.com, Raises Price Target to $2600",AMZN,https://www.benzinga.com/news/20/05/15931498/morgan-stanley-maintains-overweight-on-amazon-com-raises-price-target-to-2600,Benzinga_Newsdesk,,,,,,,positive,0.8288493752479553
76382,2020-05-01 00:00:00+00:00,Amazon shares are trading lower after the company reported worse-than-expected Q1 EPS results. The company also expects to spend $4 billion on COVID-related expenses.,AMZN,https://www.benzinga.com/wiim/20/05/15931195/amazon-shares-are-trading-lower-after-the-company-reported-worse-than-expected-q1-eps-results,Benzinga Newsdesk,,,,,,,negative,0.9730134606361388
76383,2020-05-01 00:00:00+00:00,32 Stocks Moving in Friday's Pre-Market Session,AMZN,https://www.benzinga.com/news/20/05/15931190/32-stocks-moving-in-fridays-pre-market-session,Lisa Levin,,,,,,,neutral,0.5344954133033752
76384,2020-05-01 00:00:00+00:00,"Pivotal Research Maintains Buy on Amazon.com, Raises Price Target to $2700",AMZN,https://www.benzinga.com/news/20/05/15931012/pivotal-research-maintains-buy-on-amazon-com-raises-price-target-to-2700,Vick Meyer,,,,,,,neutral,0.7079492211341858
76385,2020-05-01 00:00:00+00:00,"Mizuho Maintains Buy on Amazon.com, Raises Price Target to $2550",AMZN,https://www.benzinga.com/news/20/05/15931003/mizuho-maintains-buy-on-amazon-com-raises-price-target-to-2550,Vick Meyer,,,,,,,positive,0.5333143472671509
76386,2020-05-01 00:00:00+00:00,"RBC Capital Maintains Outperform on Amazon.com, Raises Price Target to $2700",AMZN,https://www.benzinga.com/news/20/05/15930994/rbc-capital-maintains-outperform-on-amazon-com-raises-price-target-to-2700,Vick Meyer,,,,,,,positive,0.8643969893455505
76387,2020-05-01 00:00:00+00:00,"KeyBanc Maintains Overweight on Amazon.com, Raises Price Target to $2700",AMZN,https://www.benzinga.com/news/20/05/15930633/keybanc-maintains-overweight-on-amazon-com-raises-price-target-to-2700,vishwanath@benzinga.com,,,,,,,positive,0.9127669930458068
76388,2020-05-01 00:00:00+00:00,A Peek Into The Markets: US Stock Futures Point To A Lower Open,AMZN,https://www.benzinga.com/news/earnings/20/05/15930560/a-peek-into-the-markets-us-stock-futures-point-to-a-lower-open,Lisa Levin,,,,,,,negative,0.9389197826385498
76389,2020-05-01 00:00:00+00:00,"8 Stocks To Watch For May 1, 2020",AMZN,https://www.benzinga.com/news/earnings/20/05/15930471/8-stocks-to-watch-for-may-1-2020,Lisa Levin,,,,,,,neutral,0.9027990102767944
76390,2020-05-01 00:00:00+00:00,"Apple Has 'Better Days Ahead,' Analysts Say After Q1 Earnings Beat",AMZN,https://www.benzinga.com/news/earnings/20/05/15930183/apple-has-better-days-ahead-analysts-say-after-q1-earnings-beat,Neer Varshney,,,,,,,positive,0.9191535711288452
76391,2020-04-30 00:00:00+00:00,"Fortnite World Cup 2020 Canceled, Hopes For Return Next Year",AMZN,https://www.benzinga.com/news/20/04/15928803/fortnite-world-cup-2020-canceled-hopes-for-return-next-year,Crystal Mills,,,,,,,neutral,0.8237541317939758
76392,2020-04-30 00:00:00+00:00,"Amazon Says Seeing More Use Of Prime Video Benefits, Says Video Rentals Have Been Up",AMZN,https://www.benzinga.com/news/20/04/15928825/amazon-says-seeing-more-use-of-prime-video-benefits-says-video-rentals-have-been-up,Benzinga Newsdesk,,,,,,,positive,0.954991579055786
76393,2020-04-30 00:00:00+00:00,Amazon Says Increased Grocery Delivery Capacity By More Than 60%,AMZN,https://www.benzinga.com/news/20/04/15928786/amazon-says-increased-grocery-delivery-capacity-by-more-than-60,Benzinga Newsdesk,,,,,,,positive,0.9546817541122437
76394,2020-04-30 00:00:00+00:00,"Amazon Says Has Seen Lower Demand For Discretionary Products Such As Apparel, Shoes And Wireless Products",AMZN,https://www.benzinga.com/news/20/04/15928783/amazon-says-has-seen-lower-demand-for-discretionary-products-such-as-apparel-shoes-and-wireless-prod,Benzinga Newsdesk,,,,,,,positive,0.5489869117736816
76395,2020-04-30 00:00:00+00:00,12 Stocks Moving In Thursday's After-Hours Session,AMZN,https://www.benzinga.com/news/20/04/15927824/12-stocks-moving-in-thursdays-after-hours-session,Tyree Gorges,,,,,,,negative,0.5701826214790344
76396,2020-04-30 00:00:00+00:00,From Amazon Earnings Conference Call: Saw Big Increase In Grocery Sales In Mar.,AMZN,https://www.benzinga.com/news/20/04/15927818/from-amazon-earnings-conference-call-saw-big-increase-in-grocery-sales-in-mar,Benzinga Newsdesk,,,,,,,positive,0.9462147355079652
76397,2020-04-30 00:00:00+00:00,"From Amazon Earnings Conference Call: Large Portion Of $4B Will Be Spent On Impact To Productivity Of Social Distancing Practices In Warehouses, Increased Wages, Overtime For Workers",AMZN,https://www.benzinga.com/news/20/04/15927801/from-amazon-earnings-conference-call-large-portion-of-4b-will-be-spent-on-impact-to-productivity-of,Benzinga Newsdesk,,,,,,,positive,0.691349983215332
76398,2020-04-30 00:00:00+00:00,From Amazon Earnings Conference Call: Sees Investing $1B In Coronavirus-Testing Capability In 2020,AMZN,https://www.benzinga.com/news/20/04/15927784/from-amazon-earnings-conference-call-sees-investing-1b-in-coronavirus-testing-capability-in-2020,Benzinga Newsdesk,,,,,,,positive,0.5275708436965942
76399,2020-04-30 00:00:00+00:00,3 Analyst Takes On eBay After 'Big Improvement' In Q1,AMZN,https://www.benzinga.com/analyst-ratings/analyst-color/20/04/15925376/3-analyst-takes-on-ebay-after-big-improvement-in-q1,Jayson Derrick,,,,,,,positive,0.9070132374763488
76400,2020-04-30 00:00:00+00:00,"Amazon Reports Mixed Q1 Earnings, Plans To Spend $4B On Coronavirus-Related Expenses",AMZN,https://www.benzinga.com/news/earnings/20/04/15926661/amazon-reports-mixed-q1-earnings-plans-to-spend-4b-on-coronavirus-related-expenses,Tanzeel Akhtar,,,,,,,negative,0.9647682905197144
76401,2020-04-30 00:00:00+00:00,"'If you're a shareowner of Amazon, you may want to take a seat,"" Jeff Bezos says in earnings release. We expect to spend $4 billion on COVID-related expenses.""' -Tweet From Bloomberg's Jon Erlichman",AMZN,https://www.benzinga.com/news/20/04/15926722/if-youre-a-shareowner-of-amazon-you-may-want-to-take-a-seat-jeff-bezos-says-in-earnings-release-we-e,Benzinga Newsdesk,,,,,,,neutral,0.9059011936187744
76402,2020-04-30 00:00:00+00:00,"After Hours Stocks We're Watching: AMZN, WDC, AMGN, GILD, V, SKY, LOCO",AMZN,https://www.benzinga.com/hot/20/04/15926632/after-hours-stocks-were-watching-amzn-wdc-amgn-gild-v-sky-loco,Benzinga Newsdesk,,,,,,,neutral,0.949799120426178
76403,2020-04-30 00:00:00+00:00,Amazon shares are trading lower after the company reported worse-than-expected Q1 EPS results.,AMZN,https://www.benzinga.com/wiim/20/04/15926453/amazon-shares-are-trading-lower-after-the-company-reported-worse-than-expected-q1-eps-results,Benzinga Newsdesk,,,,,,,negative,0.9728628396987916
76404,2020-04-30 00:00:00+00:00,Amazon Sees Q2 Sales $75B-$81B,AMZN,https://www.benzinga.com/news/20/04/15926418/amazon-sees-q2-sales-75b-81b,Benzinga Newsdesk,,,,,,,neutral,0.5993420481681824
76405,2020-04-30 00:00:00+00:00,"Amazon.com Q1 EPS $5.010 Misses $6.250 Estimate, Sales $75.500B Beat $73.610B Estimate",AMZN,https://www.benzinga.com/news/earnings/20/04/15926415/amazon-com-q1-eps-5-010-misses-6-250-estimate-sales-75-500b-beat-73-610b-estimate,Benzinga Newsdesk,,,,,,,positive,0.6401693820953369
76406,2020-04-30 00:00:00+00:00,"Blue Origin, SpaceX Land NASA Deal",AMZN,https://www.benzinga.com/news/20/04/15925098/blue-origin-spacex-land-nasa-deal,Tanzeel Akhtar,,,,,,,neutral,0.9222018122673036
76407,2020-04-30 00:00:00+00:00,'Jeff Bezos and Elon Musk win contracts for spacecraft to land NASA astronauts on the moon',AMZN,https://www.benzinga.com/news/20/04/15924091/jeff-bezos-and-elon-musk-win-contracts-for-spacecraft-to-land-nasa-astronauts-on-the-moon,Benzinga Newsdesk,,,,,,,positive,0.879090428352356
76408,2020-04-30 00:00:00+00:00,"Amazon shares are trading higher, potentially in anticipation of the company's Q1 earnings report after the close today. The coronavirus outbreak has been seen as a potential positive catalyst for online retailers due to physical store closings globally.",AMZN,https://www.benzinga.com/wiim/20/04/15923492/amazon-shares-are-trading-higher-potentially-in-anticipation-of-the-companys-q1-earnings-report-afte,Benzinga Newsdesk,,,,,,,positive,0.9498735666275024
76409,2020-04-30 00:00:00+00:00,FaZe Clan's Ewok Partners With HyperX As Brand Ambassador,AMZN,https://www.benzinga.com/news/20/04/15914285/faze-clans-ewok-partners-with-hyperx-as-brand-ambassador,Crystal Mills,,,,,,,neutral,0.5918258428573608
76410,2020-04-30 00:00:00+00:00,Morning Market Stats in 5 Minutes,AMZN,https://www.benzinga.com/intraday-update/20/04/15921122/morning-market-stats-in-5-minutes,Benzinga Insights,,,,,,,neutral,0.9097254276275636
76411,2020-04-30 00:00:00+00:00,"Apple And Amazon Up To Bat this Afternoon As Investors Ponder Microsoft, Facebook Results",AMZN,https://www.benzinga.com/news/earnings/20/04/15921244/apple-and-amazon-up-to-bat-this-afternoon-as-investors-ponder-microsoft-facebook-results,JJ Kinahan,,,,,,,neutral,0.8452091813087463
76412,2020-04-30 00:00:00+00:00,"Express Shares Rebound From Session Low, Spike ~25% Following Circulation Of TheDeal.com Chatter Amazon Could Be Interested In Co.",AMZN,https://www.benzinga.com/m-a/20/04/15920993/express-shares-rebound-from-session-low-spike-25-following-circulation-of-thedeal-com-chatter-amazon,Benzinga Newsdesk,,,,,,,negative,0.707443356513977
76413,2020-04-30 00:00:00+00:00,"Citigroup Maintains Buy on Amazon.com, Raises Price Target to $2700",AMZN,https://www.benzinga.com/news/20/04/15920895/citigroup-maintains-buy-on-amazon-com-raises-price-target-to-2700,Vick Meyer,,,,,,,positive,0.5298645496368408
76414,2020-04-30 00:00:00+00:00,3 ETFs To Buy For Amazon's Earnings,AMZN,https://www.benzinga.com/news/earnings/20/04/15916517/3-etfs-to-buy-for-amazons-earnings,ETF Professor,,,,,,,neutral,0.8887557983398438
76415,2020-04-30 00:00:00+00:00,A Peek Into The Markets: US Stock Futures Edge Higher Ahead Of Apple Earnings,AMZN,https://www.benzinga.com/news/earnings/20/04/15917368/a-peek-into-the-markets-us-stock-futures-edge-higher-ahead-of-apple-earnings,Lisa Levin,,,,,,,positive,0.9241963624954224
76416,2020-04-30 00:00:00+00:00,"10 Stocks To Watch For April 30, 2020",AMZN,https://www.benzinga.com/news/earnings/20/04/15917114/10-stocks-to-watch-for-april-30-2020,Lisa Levin,,,,,,,neutral,0.9211454391479492
76417,2020-04-30 00:00:00+00:00,"Earnings Scheduled For April 30, 2020",AMZN,https://www.benzinga.com/news/earnings/20/04/15917008/earnings-scheduled-for-april-30-2020,Lisa Levin,,,,,,,neutral,0.9145422577857972
76418,2020-04-29 00:00:00+00:00,Twitch's New Esports Directory Will Highlight Live Tournaments,AMZN,https://www.benzinga.com/news/20/04/15912904/twitchs-new-esports-directory-will-highlight-live-tournaments,Crystal Mills,,,,,,,neutral,0.9368643164634703
76419,2020-04-29 00:00:00+00:00,"Overwatch Champion Sinatraa Retires From League, Joins Sentinels VALORANT Roster",AMZN,https://www.benzinga.com/news/20/04/15910069/overwatch-champion-sinatraa-retires-from-league-joins-sentinels-valorant-roster,Crystal Mills,,,,,,,neutral,0.880174994468689
76420,2020-04-29 00:00:00+00:00,Amazon Responds To 'Wrongful Inclusion' On Notorious Markets List,AMZN,https://www.benzinga.com/news/20/04/15912480/amazon-responds-to-wrongful-inclusion-on-notorious-markets-list,Benzinga Newsdesk,,,,,,,neutral,0.5866378545761108
76421,2020-04-29 00:00:00+00:00,Today Pickup: Canadian Freight Recovers Off Lows,AMZN,https://www.benzinga.com/news/earnings/20/04/15911349/today-pickup-canadian-freight-recovers-off-lows,FreightWaves,,,,,,,positive,0.9423488974571228
76422,2020-04-29 00:00:00+00:00,PreMarket Prep Stock Of The Day: Blue Apron,AMZN,https://www.benzinga.com/news/earnings/20/04/15909788/premarket-prep-stock-of-the-day-blue-apron,Joel Elconin,,,,,,,neutral,0.8729789853096008
76423,2020-04-29 00:00:00+00:00,"Locked Down, Demand Up: Amazon Shines As Virus Economy Plays To Its Strengths",AMZN,https://www.benzinga.com/news/earnings/20/04/15909298/locked-down-demand-up-amazon-shines-as-virus-economy-plays-to-its-strengths,JJ Kinahan,,,,,,,positive,0.7677897810935974
76424,2020-04-29 00:00:00+00:00,"US Places 5 Amazon Foreign Web Sites On List Of Platforms Blamed For Facilitating Piracy, Action Being Sought By US Apparel, Footwear Trade Group",AMZN,https://www.benzinga.com/news/20/04/15908864/us-places-5-amazon-foreign-web-sites-on-list-of-platforms-blamed-for-facilitating-piracy-action-bein,Benzinga Newsdesk,,,,,,,neutral,0.6044762134552002
76425,2020-04-29 00:00:00+00:00,Ford Terminates Electric Vehicle Program With Rivian,AMZN,https://www.benzinga.com/news/20/04/15906202/ford-terminates-electric-vehicle-program-with-rivian,FreightWaves,,,,,,,negative,0.6596254110336304
76426,2020-04-29 00:00:00+00:00,"Alphabet, Boeing Shares Get A Lift Following Earnings, While GE Falls Short",AMZN,https://www.benzinga.com/news/earnings/20/04/15907915/alphabet-boeing-shares-get-a-lift-following-earnings-while-ge-falls-short,JJ Kinahan,,,,,,,positive,0.8446087837219238
76427,2020-04-29 00:00:00+00:00,"Amazon, NFL Report Renewal Of Exclusive Multi-Year Partnership To Delivery Live Digital Stream Of Thursday Night Football, Will Stream 11 Thursday Night Football Games By FOX",AMZN,https://www.benzinga.com/news/20/04/15907012/amazon-nfl-report-renewal-of-exclusive-multi-year-partnership-to-delivery-live-digital-stream-of-thu,Benzinga Newsdesk,,,,,,,neutral,0.8793299198150635
76428,2020-04-29 00:00:00+00:00,AT&T Is Hoping HBO Max Will Turn The Tide,AMZN,https://www.benzinga.com/news/earnings/20/04/15884396/at-t-is-hoping-hbo-max-will-turn-the-tide,IAM Newswire,,,,,,,positive,0.764606237411499
76429,2020-04-29 00:00:00+00:00,Amazon Bought Cameras to Take Temperatures of Workers from U.S. Blacklisted China's Zhejiang Dahua Technology Co,AMZN,https://www.benzinga.com/news/20/04/15904378/amazon-bought-cameras-to-take-temperatures-of-workers-from-u-s-blacklisted-chinas-zhejiang-dahua-tec,Charles Gross,,,,,,,neutral,0.6996058225631714
76430,2020-04-29 00:00:00+00:00,Three High-Quality Companies To Bet On In A Post-Coronavirus World,AMZN,https://www.benzinga.com/opinion/20/04/15884380/three-high-quality-companies-to-bet-on-in-a-post-coronavirus-world,IAM Newswire,,,,,,,neutral,0.8336755633354187
76431,2020-04-29 00:00:00+00:00,Poland Plans to Introduce a 1.5% Surcharge on the Revenue of Video-on-demand Platforms Such as Netflix,AMZN,https://www.benzinga.com/news/20/04/15904086/poland-plans-to-introduce-a-1-5-surcharge-on-the-revenue-of-video-on-demand-platforms-such-as-netfli,Charles Gross,,,,,,,positive,0.586653470993042
76432,2020-04-29 00:00:00+00:00,Zoom Uses Oracle's Cloud Computing Services To Handle Demand Surge During Pandemic,AMZN,https://www.benzinga.com/news/20/04/15903496/zoom-uses-oracles-cloud-computing-services-to-handle-demand-surge-during-pandemic,Neer Varshney,,,,,,,neutral,0.5191006660461426
76433,2020-04-28 00:00:00+00:00,"Netflix Working On 'Social Distance,' A New Show From The Maker Of 'Orange Is The New Black'",AMZN,https://www.benzinga.com/news/20/04/15903375/netflix-working-on-social-distance-a-new-show-from-the-maker-of-orange-is-the-new-black,Shivdeep Dhaliwal,,,,,,,neutral,0.755005419254303
76434,2020-04-28 00:00:00+00:00,UPS Faces Mix/Margin Challenges As COVID-19 Skews Shipping Choices,AMZN,https://www.benzinga.com/news/earnings/20/04/15899791/ups-faces-mixmargin-challenges-as-covid-19-skews-shipping-choices,FreightWaves,,,,,,,negative,0.9463772773742676
76435,2020-04-28 00:00:00+00:00,A Coronavirus Department Store Pair Trade Idea To Mitigate Risk,AMZN,https://www.benzinga.com/analyst-ratings/analyst-color/20/04/15899484/a-coronavirus-department-store-pair-trade-idea-to-mitigate-risk,Wayne Duggan,,,,,,,neutral,0.6039111018180847
76436,2020-04-28 00:00:00+00:00,Oscar Organizers To Allow Films Released On Streaming Platforms To Be Eligible For 2021 Academic Awards,AMZN,https://www.benzinga.com/media/20/04/15901783/oscar-organizers-to-allow-films-released-on-streaming-platforms-to-be-eligible-for-2021-academic-awa,Benzinga Newsdesk,,,,,,,neutral,0.8495728373527527
76437,2020-04-28 00:00:00+00:00,"Amazon, Walmart Shares Unaffected Following Earlier Article From The Intercept 'As Amazon, Walmart, Others Profit Amid Coronavirus Crisis, Their Essential Workers Plan Unprecedented Strike'",AMZN,https://www.benzinga.com/news/20/04/15899606/amazon-walmart-shares-unaffected-following-earlier-article-from-the-intercept-as-amazon-walmart-othe,Benzinga Newsdesk,,,,,,,negative,0.9517465233802797
76438,2020-04-28 00:00:00+00:00,"Amazon shares are trading lower. Weakness potentially related to selloff following recent momentum, reopening of physical stores in some US states and potential US anti-competition investigation into co.",AMZN,https://www.benzinga.com/wiim/20/04/15898604/amazon-shares-are-trading-lower-weakness-potentially-related-to-selloff-following-recent-momentum-re,Benzinga Newsdesk,,,,,,,negative,0.9656067490577698
76439,2020-04-28 00:00:00+00:00,"UPDATE: Feinseth Also Notes Anticompetition Concerns With Allegations Of Co. Potentially Using Sales Data To Create Preferred Pricing, Mentions News Of Judiciary Committee Calling For Investigation Into Co.",AMZN,https://www.benzinga.com/analyst-ratings/analyst-color/20/04/15898297/update-feinseth-also-notes-anticompetition-concerns-with-allegations-of-co-potentia,Benzinga Newsdesk,,,,,,,negative,0.6897465586662292
76440,2020-04-28 00:00:00+00:00,UPDATE: Feinseth Tells Benzinga 'There are also concerns that the results may not be strong enough and could be risk to guidance that could cause a selloff when the company reports its results after the close on Thursday',AMZN,https://www.benzinga.com/analyst-ratings/analyst-color/20/04/15898296/update-feinseth-tells-benzinga-there-are-also-concerns-that-the-results-may-not-be-,Benzinga Newsdesk,,,,,,,negative,0.9598987698554992
76441,2020-04-28 00:00:00+00:00,Tigress Financial Analyst Ivan Feinseth On Amazon Weakness Notes 'The stock has had an incredible run making new all-time highs in a difficult market' as Co. 'has benefited from being the place to go to during the shelter in place lockdown',AMZN,https://www.benzinga.com/analyst-ratings/analyst-color/20/04/15898295/tigress-financial-analyst-ivan-feinseth-on-amazon-weakness-notes-the-stock-has-had-,Benzinga Newsdesk,,,,,,,positive,0.939719259738922
76442,2020-04-28 00:00:00+00:00,Blue Chip Stocks Resisting COVID-19,AMZN,https://www.benzinga.com/news/20/04/15884392/blue-chip-stocks-resisting-covid-19,IAM Newswire,,,,,,,neutral,0.9374293684959412
76443,2020-04-28 00:00:00+00:00,"Earnings Feast: Bring a Plate With Healthcare and Caterpillar in Morning, GOOGL And AMD Later",AMZN,https://www.benzinga.com/news/earnings/20/04/15896240/earnings-feast-bring-a-plate-with-healthcare-and-caterpillar-in-morning-googl-and-amd-later,JJ Kinahan,,,,,,,neutral,0.9211394786834716
76444,2020-04-28 00:00:00+00:00,Amazon Introduces One-Year Free Subscription For Its Food Network Kitchen App,AMZN,https://www.benzinga.com/tech/20/04/15895947/amazon-introduces-one-year-free-subscription-for-its-food-network-kitchen-app,Khyathi Dalal,,,,,,,neutral,0.8248714804649353
76445,2020-04-28 00:00:00+00:00,"Amazon May Have Violated Labor And Whistleblower Laws, New York Preliminary Investigation Says",AMZN,https://www.benzinga.com/news/20/04/15892326/amazon-may-have-violated-labor-and-whistleblower-laws-new-york-preliminary-investigation-says,Neer Varshney,,,,,,,negative,0.9175698757171632
76446,2020-04-28 00:00:00+00:00,Seeing Reports Of Sheeting Investigation Outside Amazon Fulfillment Center,AMZN,https://www.benzinga.com/news/20/04/15893050/seeing-reports-of-sheeting-investigation-outside-amazon-fulfillment-center,Benzinga Newsdesk,,,,,,,negative,0.7407205104827881
76447,2020-04-28 00:00:00+00:00,Senator Josh Hawley Is Requesting the DOJ Open a Criminal Antitrust Investigation Into Amazon,AMZN,https://www.benzinga.com/news/20/04/15892917/senator-josh-hawley-is-requesting-the-doj-open-a-criminal-antitrust-investigation-into-amazon,Charles Gross,,,,,,,neutral,0.7634962201118469
76448,2020-04-28 00:00:00+00:00,New York AG Raises Concerns about Amazon's Pandemic Safety Practices,AMZN,https://www.benzinga.com/news/20/04/15892562/new-york-ag-raises-concerns-about-amazons-pandemic-safety-practices,Charles Gross,,,,,,,negative,0.951274871826172
76449,2020-04-27 00:00:00+00:00,"'Fast Money' Traders Share Their Thoughts On Alibaba, Peloton And More",AMZN,https://www.benzinga.com/media/20/04/15890890/fast-money-traders-share-their-thoughts-on-alibaba-peloton-and-more,Craig Jones,,,,,,,neutral,0.9268677234649658
76450,2020-04-27 00:00:00+00:00,3 Sector ETFs For This Week's Earnings Parade,AMZN,https://www.benzinga.com/news/earnings/20/04/15881281/3-sector-etfs-for-this-weeks-earnings-parade,ETF Professor,,,,,,,neutral,0.9259583950042723
76451,2020-04-27 00:00:00+00:00,Amazon Statement Shows Co. Extends Closure Of French Warehouses Til May 5,AMZN,https://www.benzinga.com/news/20/04/15888140/amazon-statement-shows-co-extends-closure-of-french-warehouses-til-may-5,Benzinga Newsdesk,,,,,,,negative,0.8115621209144592
76452,2020-04-27 00:00:00+00:00,Will COVID-19 Accelerate The Adoption Of Autonomous Vehicles?,AMZN,https://www.benzinga.com/news/20/04/15887271/will-covid-19-accelerate-the-adoption-of-autonomous-vehicles,FreightWaves,,,,,,,neutral,0.6012290716171265
76453,2020-04-27 00:00:00+00:00,"SunTrust Robinson Humphrey Maintains Buy on Amazon.com, Raises Price Target to $2770",AMZN,https://www.benzinga.com/news/20/04/15885780/suntrust-robinson-humphrey-maintains-buy-on-amazon-com-raises-price-target-to-2770,Vick Meyer,,,,,,,neutral,0.6665925979614258
76454,2020-04-27 00:00:00+00:00,"Apple And Amazon Earnings, Fed Meeting Among Highlights In Busy Week Ahead",AMZN,https://www.benzinga.com/news/earnings/20/04/15884587/apple-and-amazon-earnings-fed-meeting-among-highlights-in-busy-week-ahead,JJ Kinahan,,,,,,,neutral,0.8462184071540833
