Date,Ticker,Open,High,Low,Close,Volume,Daily_Return,SMA_10,SMA_20,EMA_10,EMA_20,RSI_14,MACD,MACD_signal,MACD_hist,Volatility_20,Volatility_20_annualized
2020-04-06,AAPL,60.568149922006974,63.51568523881815,60.20121917390235,63.36119079589844,201820400,0.08723774258898476,60.28811187744141,60.64659538269043,60.272964577575564,60.745705929512965,69.27122350804228,-0.7962004387338055,-1.0904916646299416,0.2942912258961361,0.06503026067600448,1.0323233846544657
2020-04-07,AAPL,65.37207245676143,65.58934152567265,62.52351377225885,62.627315521240234,202887200,-0.011582409759661738,60.59107284545898,60.33385715484619,60.70102838551459,60.9249068430108,68.05746099431528,-0.5526201103661492,-0.9829173537771833,0.43029724341103404,0.06289796448898168,0.998474232060104
2020-04-08,AAPL,63.4263318411564,64.54403084792533,63.06181768868783,64.23020935058594,168895200,0.025594164718781176,61.087155151367185,60.22087841033935,61.34269765189119,61.23969755801796,69.32184021974462,-0.22761698226286597,-0.8318572794743199,0.6042402972114539,0.06273575545079958,0.9958992434074833
2020-04-09,AAPL,64.86512738575412,65.19584902236409,63.89951332637289,64.6937255859375,161834800,0.007216483334525181,61.31769485473633,60.45938491821289,61.95197545808143,61.56865260829601,69.69540105305974,0.06658467798584411,-0.6521688879822871,0.7187535659681312,0.058258106573483646,0.92481877108161
2020-04-13,AAPL,64.77098217772529,66.07215077341053,64.17229875609489,65.96351623535156,131022800,0.019627724913249933,61.933515548706055,60.402415084838864,62.68134650849417,61.98721104896797,70.74630872321183,0.39761959547885084,-0.44221119129005954,0.8398307867689103,0.05186378952901945,0.8233121348590872
2020-04-14,AAPL,67.59298426311395,69.58456326372355,67.12224446160415,69.29487609863281,194994800,0.050503066746703906,62.71180114746094,60.94364185333252,63.88380643397392,62.68317914893605,73.35676861574868,0.9181956641413436,-0.17012982020377893,1.0883254843451224,0.043131243110849656,0.6846872580502564
2020-04-15,AAPL,68.17234288135833,69.1210568119712,67.74506136385055,68.66239166259766,131154400,-0.00912743440272401,63.4393913269043,61.32469711303711,64.7526401119055,63.252627959760964,72.04233960197733,1.2651360402571257,0.116923351888402,1.1482126883687236,0.042520957064703976,0.6749992674099703
2020-04-16,AAPL,69.3745233735621,69.5724759670409,68.16026433690568,69.20795440673828,157125200,0.007945583177782156,64.54453544616699,61.80774478912353,65.56269725642055,63.819801907092135,72.5000682618801,1.5660585932678046,0.40675040016428254,1.159308193103522,0.04188122604919488,0.664843852371899
2020-04-17,AAPL,68.72516946310567,69.27074378183441,66.83497575491855,68.26891326904297,215250000,-0.013568398975882578,65.45873107910157,62.26665325164795,66.0547365314428,64.2435267987065,70.3646335047002,1.7090680401321734,0.6672139281578607,1.0418541119743128,0.04202075909144437,0.6670588707487096
2020-04-20,AAPL,67.09809629652644,67.9985265094596,66.83255101061553,66.85186004638672,130015200,-0.020756932471910683,66.31619529724121,62.84227886199951,66.19966807961441,64.49193948896176,67.15036257285735,1.6885946369777542,0.8714900699218395,0.8171045670559147,0.03918169123002724,0.6219900656494353
2020-04-21,AAPL,66.69494844279068,66.92911009651182,64.07571939662287,64.78544616699219,180991600,-0.030910342329453555,66.45862083435058,63.373366355895996,65.942536822774,64.51989250591704,62.65562878132182,1.4884688448454995,0.9948858249065715,0.49358301993892795,0.03964686701231553,0.6293745022646238
2020-04-22,AAPL,66.05041238241853,67.0860355273564,65.71003990834832,66.6515121459961,116862400,0.028803783710833697,66.86104049682618,63.72605667114258,66.0714414269962,64.72290390021028,64.93800189801846,1.4635724892795565,1.0886231577811685,0.37494933149838805,0.03384541260724672,0.5372792686748703
2020-04-23,AAPL,66.59596648415703,68.01541990436723,66.35456304172806,66.3931884765625,124814400,-0.003875736065338642,67.07733840942383,64.08224678039551,66.12994089055371,64.88197862176764,64.3516704262847,1.4067808924650507,1.152254704717945,0.25452618774710567,0.03381777517701146,0.5368405380711939
2020-04-24,AAPL,66.91705617630512,68.31960998543786,66.86877252729914,68.30995178222656,126161200,0.028869878818076344,67.43896102905273,64.37832794189453,66.5263065072215,65.20845225609706,66.75059777202806,1.499158555897381,1.2216354749538323,0.2775230809435487,0.032493758740104864,0.5158224287282936
2020-04-27,AAPL,68.02751680090847,68.68896753125865,67.58092613126625,68.35824584960938,117087600,0.0007069843576639201,67.67843399047851,64.80597476959228,66.85938638765566,65.50843259833633,66.81119872558625,1.558302308339023,1.2889688416308704,0.2693334667081526,0.03063743677796671,0.4863542311377836
2020-04-28,AAPL,68.81931364694016,69.00036629064134,67.1584635837108,67.25019073486328,112004800,-0.016209531139576905,67.47396545410156,65.09288330078125,66.93044172351159,65.67431432562461,63.93203471447978,1.498489714251292,1.330873016154955,0.16761669809633717,0.030626762603390353,0.48618478386950403
2020-04-29,AAPL,68.73481211774124,69.92734583940624,68.53203408860236,69.45902252197266,137280800,0.03284498918103873,67.55362854003906,65.49650993347169,67.39018368686814,66.0347627252768,66.98623916780556,1.6107542949006728,1.3868492719040986,0.22390502299657422,0.031198355165277424,0.49525853448954893
2020-04-30,AAPL,69.99735834734561,71.10057413486881,69.60870223992275,70.92434692382812,183064000,0.021096242772375984,67.72526779174805,66.13490161895751,68.03275882086086,66.50043741085312,68.86953233116708,1.797246675957453,1.4689287527147696,0.3283179232426834,0.028020392037433194,0.4448099338174961
2020-05-01,AAPL,69.10174923798432,72.17964374552773,69.0051893150792,69.78250885009766,240616800,-0.016099380865033375,67.87662734985352,66.66767921447754,68.350895189813,66.81301564316213,65.7232521405048,1.8317906988130943,1.5415011419344347,0.29028955687865965,0.028582744494633237,0.4537370023230006
2020-05-04,AAPL,69.80666159250394,70.89780288941466,69.11866006272429,70.76985931396484,133568000,0.014148967701751003,68.26842727661133,67.29231128692626,68.79070684874969,67.18985789752429,67.12196205157285,1.916742996472152,1.6165495128419782,0.30019348363017384,0.028078254080926544,0.4457284652820966
2020-05-05,AAPL,71.2285073158129,72.66244451792257,71.08366376030753,71.83201599121094,147751200,0.015008602356179956,68.9730842590332,67.71585254669189,69.34367214737901,67.63196819216111,68.60610318352497,2.0461882865953527,1.7024772675926532,0.3437110190026995,0.021515907431461156,0.3415544417731963
2020-05-06,AAPL,72.53208591439893,73.2031872790944,72.14825527383692,72.57312774658203,142333600,0.010317290210284158,69.5652458190918,68.21314315795898,69.93084589268865,68.10255481639167,69.63603297792076,2.183407177728938,1.7986632496199102,0.3847439281090279,0.021099827881204302,0.3349493836796009
2020-05-07,AAPL,73.19837114485792,73.66911092684012,72.89661676334377,73.32389831542969,115215200,0.010345021527379483,70.25831680297851,68.66782760620117,70.5477645150052,68.59982562582387,70.68523013507215,2.325923252596624,1.9041152502152532,0.42180800238137084,0.02068711492398191,0.328397768593614
2020-05-08,AAPL,73.98231154076618,75.122398042806,73.65553308459083,75.06914520263672,133838400,0.023801883523693945,70.93423614501953,69.18659858703613,71.3698337309382,69.21595129980605,73.01916284616316,2.550296872026877,2.033351574577578,0.5169452974492987,0.02103236061362866,0.33387837400974774
2020-05-11,AAPL,74.57777409776222,76.74418013279127,74.36960120604306,76.2503890991211,145946400,0.015735411576830893,71.7234504699707,69.70094223022461,72.25720743424418,69.88589775688368,74.49904030582302,2.7912552394251122,2.184932307547085,0.6063229318780272,0.02093370232452588,0.3323122222233013
2020-05-12,AAPL,76.93296900656856,77.38319884408511,75.25793879153254,75.37896728515625,162301200,-0.01142842448753989,72.536328125,70.00514678955078,72.82480013441001,70.40904723576678,71.38825091439895,2.8787159781310834,2.3236890416638847,0.5550269364671987,0.018695373132803738,0.2967798478617433
2020-05-13,AAPL,75.55808267285332,76.4779036027934,73.39409274246334,74.46882629394531,200622400,-0.012074203507828729,73.03730850219726,70.29546852111817,73.12371398159824,70.7956928603552,68.18582591650024,2.8418296290647334,2.4273171591440543,0.414512469920679,0.018818653527189127,0.2987368634521855
2020-05-14,AAPL,73.70879158063562,74.98685245577319,72.98745894244641,74.92633819580078,158929200,0.00614367010498551,73.43750762939453,70.58138771057129,73.45146383872597,71.18908765420716,68.94010254031612,2.8170412209235565,2.505261971499955,0.31177924942360136,0.018804262177582125,0.2985084078596412
2020-05-15,AAPL,72.70180935336562,74.52933644505968,72.66791783323735,74.48334503173828,166348400,-0.005912382410906747,73.9075912475586,70.89210929870606,73.63907860109184,71.50282645206727,67.27686210764168,2.730178583555272,2.5502452939110185,0.1799332896442536,0.01850015807118219,0.2936809048303947
2020-05-18,AAPL,75.80499689236754,76.61104348348049,75.11513293810333,76.23827362060547,135178400,0.02356135573824436,74.45443267822266,71.36142997741699,74.11165951373067,71.95382142049948,70.3306460450466,2.7710049678224493,2.594397228693305,0.1766077391291443,0.017958453599774327,0.2850816129377733
2020-05-19,AAPL,76.25520568719914,77.09998213452099,75.76625327530091,75.79772186279297,101729600,-0.005778616656574309,74.85100326538085,71.91204376220703,74.41821630446927,72.31990717690839,68.5999168249766,2.7362693170630052,2.6227716463672452,0.11349767069576,0.01595225802222625,0.2532342454604744
2020-05-20,AAPL,76.65460086911052,77.34204178986873,76.61587086677298,77.2718505859375,111504800,0.019448192992039592,75.32087554931641,72.4430606842041,74.93705890109985,72.79152083491115,71.15755846294559,2.795466533646902,2.6573106238231765,0.1381559098237255,0.015439029436073,0.24508699423232969
2020-05-21,AAPL,77.13389289033314,77.67368271832201,76.45855171857032,76.69577026367188,102688800,-0.007455241694062198,75.65806274414062,72.95818977355957,75.25682460338567,73.16335411384074,68.79912238806344,2.7640338253920618,2.6786552641369537,0.08537856125510812,0.015598166143540966,0.2476132111468609
2020-05-22,AAPL,76.43433589476804,77.27185842972254,76.33267609193112,77.18955993652344,81803200,0.006438290809962055,75.8701042175293,73.40217018127441,75.60823102759252,73.54680228742957,69.7253668112928,2.747298727865541,2.6923839568826713,0.054914770982869676,0.014753195532607757,0.2341997185367354
2020-05-26,AAPL,78.30544857938091,78.48456841631166,76.61104938291827,76.6667251586914,125522000,-0.006773387207570369,75.91173782348633,73.81759414672851,75.80068450597413,73.84393779897832,67.44240323547515,2.6611713190035715,2.6861414293068515,-0.024970110303280002,0.014993497948616628,0.23801440112998015
2020-05-27,AAPL,76.52388732434491,77.14596806852482,75.78560919845494,77.000732421875,112945200,0.004356613152475708,76.0739143371582,74.3051212310791,76.01887503613793,74.14458490592085,68.15963955988566,2.5900102952317354,2.6669152024918286,-0.07690490726009314,0.01407765515943772,0.22347584756878527
2020-05-28,AAPL,76.67637525704153,78.29089831885972,76.4004341829612,77.03462219238281,133560800,0.0004401227032768684,76.33049392700195,74.68390121459962,76.20355633727335,74.41982655225056,68.23610076633474,2.507445027015322,2.6350211673965274,-0.12757614038120524,0.012733336745507534,0.20213545433192093
2020-05-29,AAPL,77.27671175329887,77.73661866221555,76.60379346248526,76.9596176147461,153532400,-0.0009736476340391764,76.53382186889648,74.98566474914551,76.34102202408657,74.66171141534537,67.8477693115926,2.4081989955583225,2.5896567330288867,-0.18145773747056415,0.012235844892855612,0.19423801600353427
2020-06-01,AAPL,76.91360886615988,78.02707250180976,76.78289602270274,77.90604400634766,80791200,0.01229770132615915,76.87609176635742,75.391841506958,76.62557147540676,74.9706954716313,70.15575307039606,2.3784966717176843,2.5474247207666463,-0.16892804904896197,0.011378464616354582,0.18062752605973315
2020-06-02,AAPL,77.63976650286615,78.2909002875674,77.19922108217762,78.26669311523438,87642800,0.004629282791683398,77.07893371582031,75.76668319702148,76.92395722810268,75.28460000911731,71.0097499903686,2.3568899745831686,2.509317771529951,-0.1524277969467822,0.011198942786698345,0.17777770536266693
2020-06-03,AAPL,78.58620379313693,78.95897353375568,78.01494559700772,78.69754791259766,104491200,0.00550495722016664,77.36891632080078,76.10995979309082,77.24642826164721,75.60964266659163,72.03913316127841,2.3474726888733244,2.4769487549986255,-0.12947606612530116,0.010955649593633324,0.1739155456555177
2020-06-04,AAPL,78.52088097581583,78.81860638544032,77.64705128445249,78.01982116699219,87560400,-0.008611789866161512,77.44371337890625,76.38229446411133,77.3870451535281,75.83918347615358,67.95184966917611,2.259278976045252,2.433414799207951,-0.17413582316269904,0.011252200602008202,0.17862314697074988
2020-06-05,AAPL,78.26910469189798,80.30238129398582,78.24005904410956,80.24186706542969,137250400,0.028480530526742376,77.79832305908204,76.72819290161132,77.90610368296475,76.25848667513226,73.30058504351979,2.3416917914992297,2.4150701976662066,-0.07337840616697688,0.01248083873429513,0.1981271726666824
2020-06-08,AAPL,79.9393002955481,80.75019247995644,79.23007527095147,80.71630096435547,95654400,0.005912548103335302,78.15099716186523,77.01055068969727,78.41704864321761,76.68304041696304,74.28732512908368,2.417420869145303,2.415540331962026,0.0018805371832772977,0.011644652855248249,0.1848531333519905
2020-06-09,AAPL,80.39679094356325,83.65729064511632,80.36532236126617,83.2651596069336,147712400,0.03157799121275029,78.81084060668945,77.3612892150879,79.29852336389324,77.30990891124596,78.8167953593462,2.652531566775721,2.4629385789247653,0.1895929878509559,0.01297007944474201,0.20589362817322843
2020-06-10,AAPL,84.21161714524366,85.87454732273147,83.77349462695621,85.40737915039062,166651600,0.025727681944882175,79.65150527954101,77.8627098083496,80.40922441598367,78.08109655306926,81.72983000253512,2.977396133151956,2.5658300897702038,0.41156604338175207,0.013228580327032743,0.2099972024626208
